date,postcode,fuel,pc_median,st_median,spread,n_stations
2026-05-31,3001,ulp91,189.9,179.9,10.0,1
2026-05-31,3612,ulp91,178.9,179.9,-1.0,1
2026-05-31,3610,ulp91,203.9,179.9,24.0,1
2026-05-31,3608,diesel,222.9,221.3,1.6,2
2026-05-31,3608,ulp95,194.9,196.9,-2.0,2
2026-05-31,3608,ulp91,181.4,179.9,1.5,2
2026-05-31,3599,diesel,236.9,221.3,15.6,1
2026-05-31,3599,ulp91,191.9,179.9,12.0,1
2026-05-31,3597,diesel,230.9,221.3,9.6,1
2026-05-31,3597,ulp91,200.9,179.9,21.0,1
2026-05-31,3594,diesel,232.9,221.3,11.6,2
2026-05-31,3594,ulp91,187.9,179.9,8.0,2
2026-05-31,3585,diesel,224.9,221.3,3.6,10
2026-05-31,3585,ulp95,205.4,196.9,8.5,10
2026-05-31,3585,ulp91,188.4,179.9,8.5,10
2026-05-31,3584,ulp91,179.9,179.9,0.0,1
2026-05-31,3616,ulp91,181.4,179.9,1.5,2
2026-05-31,3581,diesel,216.9,221.3,-4.4,1
2026-05-31,3616,diesel,245.9,221.3,24.6,2
2026-05-31,3617,diesel,219.9,221.3,-1.4,1
2026-05-31,3631,ulp95,191.2,196.9,-5.7,4
2026-05-31,3631,ulp91,175.9,179.9,-4.0,4
2026-05-31,3630,diesel,229.9,221.3,8.6,15
2026-05-31,3630,ulp95,196.4,196.9,-0.5,15
2026-05-31,3630,ulp91,179.9,179.9,0.0,15
2026-05-31,3629,diesel,219.7,221.3,-1.6,4
2026-05-31,3629,ulp95,194.9,196.9,-2.0,4
2026-05-31,3629,ulp91,180.9,179.9,1.0,4
2026-05-31,3623,diesel,229.9,221.3,8.6,1
2026-05-31,3623,ulp91,184.9,179.9,5.0,1
2026-05-31,3621,diesel,253.9,221.3,32.6,1
2026-05-31,3621,ulp91,189.9,179.9,10.0,1
2026-05-31,3620,diesel,226.9,221.3,5.6,4
2026-05-31,3620,ulp95,204.4,196.9,7.5,4
2026-05-31,3620,ulp91,183.9,179.9,4.0,4
2026-05-31,3617,ulp91,179.9,179.9,0.0,1
2026-05-31,3631,diesel,221.1,221.3,-0.2,4
2026-05-31,3581,ulp91,179.9,179.9,0.0,1
2026-05-31,3579,ulp95,203.4,196.9,6.5,6
2026-05-31,3559,diesel,228.9,221.3,7.6,1
2026-05-31,3559,ulp91,189.9,179.9,10.0,1
2026-05-31,3558,diesel,229.9,221.3,8.6,1
2026-05-31,3558,ulp91,187.9,179.9,8.0,1
2026-05-31,3556,diesel,236.9,221.3,15.6,2
2026-05-31,3556,ulp91,188.9,179.9,9.0,2
2026-05-31,3555,diesel,223.4,221.3,2.1,7
2026-05-31,3555,ulp95,196.9,196.9,0.0,7
2026-05-31,3555,ulp91,179.9,179.9,0.0,7
2026-05-31,3554,diesel,245.9,221.3,24.6,1
2026-05-31,3554,ulp91,225.9,179.9,46.0,1
2026-05-31,3551,diesel,219.6,221.3,-1.7,7
2026-05-31,3551,ulp95,198.9,196.9,2.0,7
2026-05-31,3551,ulp91,184.9,179.9,5.0,7
2026-05-31,3550,diesel,223.3,221.3,2.0,17
2026-05-31,3561,ulp91,189.9,179.9,10.0,3
2026-05-31,3579,diesel,222.9,221.3,1.6,6
2026-05-31,3561,diesel,271.4,221.3,50.1,3
2026-05-31,3562,diesel,235.9,221.3,14.6,1
2026-05-31,3579,ulp91,182.9,179.9,3.0,6
2026-05-31,3575,diesel,229.9,221.3,8.6,1
2026-05-31,3575,ulp95,199.9,196.9,3.0,1
2026-05-31,3575,ulp91,189.9,179.9,10.0,1
2026-05-31,3573,diesel,235.9,221.3,14.6,1
2026-05-31,3573,ulp91,202.9,179.9,23.0,1
2026-05-31,3568,diesel,228.9,221.3,7.6,5
2026-05-31,3568,ulp91,193.0,179.9,13.1,5
2026-05-31,3566,diesel,230.0,221.3,8.7,1
2026-05-31,3566,ulp91,195.0,179.9,15.1,1
2026-05-31,3564,diesel,219.9,221.3,-1.4,11
2026-05-31,3564,ulp95,196.6,196.9,-0.3,11
2026-05-31,3564,ulp91,178.5,179.9,-1.4,11
2026-05-31,3563,diesel,232.9,221.3,11.6,1
2026-05-31,3563,ulp91,192.9,179.9,13.0,1
2026-05-31,3562,ulp91,184.9,179.9,5.0,1
2026-05-31,3635,ulp91,181.9,179.9,2.0,1
2026-05-31,3635,diesel,225.9,221.3,4.6,1
2026-05-31,3636,ulp91,187.9,179.9,8.0,1
2026-05-31,3688,ulp91,187.9,179.9,8.0,1
2026-05-31,3687,diesel,233.9,221.3,12.6,1
2026-05-31,3685,diesel,241.9,221.3,20.6,2
2026-05-31,3685,ulp91,182.9,179.9,3.0,2
2026-05-31,3683,diesel,246.9,221.3,25.6,1
2026-05-31,3683,ulp91,216.9,179.9,37.0,1
2026-05-31,3678,diesel,231.9,221.3,10.6,2
2026-05-31,3678,ulp91,188.9,179.9,9.0,2
2026-05-31,3677,diesel,221.1,221.3,-0.2,6
2026-05-31,3677,ulp95,196.6,196.9,-0.3,6
2026-05-31,3677,ulp91,180.3,179.9,0.4,6
2026-05-31,3675,diesel,219.9,221.3,-1.4,2
2026-05-31,3675,ulp95,196.9,196.9,0.0,2
2026-05-31,3675,ulp91,179.9,179.9,0.0,2
2026-05-31,3673,diesel,219.9,221.3,-1.4,1
2026-05-31,3688,diesel,234.9,221.3,13.6,1
2026-05-31,3673,ulp95,199.9,196.9,3.0,1
2026-05-31,3689,diesel,225.9,221.3,4.6,1
2026-05-31,3690,ulp95,197.6,196.9,0.7,17
2026-05-31,3701,diesel,274.9,221.3,53.6,2
2026-05-31,3701,ulp95,300.0,196.9,103.1,2
2026-05-31,3701,ulp91,241.4,179.9,61.5,2
2026-05-31,3700,diesel,267.4,221.3,46.1,2
2026-05-31,3700,ulp95,234.9,196.9,38.0,2
2026-05-31,3700,ulp91,213.4,179.9,33.5,2
2026-05-31,3699,diesel,229.9,221.3,8.6,1
2026-05-31,3699,ulp95,205.9,196.9,9.0,1
2026-05-31,3699,ulp91,189.9,179.9,10.0,1
2026-05-31,3698,diesel,237.9,221.3,16.6,1
2026-05-31,3698,ulp91,189.9,179.9,10.0,1
2026-05-31,3691,diesel,238.4,221.3,17.1,6
2026-05-31,3691,ulp95,204.9,196.9,8.0,6
2026-05-31,3691,ulp91,189.9,179.9,10.0,6
2026-05-31,3690,diesel,225.9,221.3,4.6,17
2026-05-31,3690,ulp91,180.4,179.9,0.5,17
2026-05-31,3673,ulp91,177.9,179.9,-2.0,1
2026-05-31,3672,diesel,223.3,221.3,2.0,8
2026-05-31,3672,ulp95,198.9,196.9,2.0,8
2026-05-31,3650,diesel,219.9,221.3,-1.4,1
2026-05-31,3650,ulp95,183.5,196.9,-13.4,1
2026-05-31,3650,ulp91,175.5,179.9,-4.4,1
2026-05-31,3644,diesel,224.9,221.3,3.6,6
2026-05-31,3644,ulp95,220.9,196.9,24.0,6
2026-05-31,3644,ulp91,188.9,179.9,9.0,6
2026-05-31,3641,ulp91,329.9,179.9,150.0,1
2026-05-31,3640,diesel,229.9,221.3,8.6,1
2026-05-31,3640,ulp91,189.9,179.9,10.0,1
2026-05-31,3639,diesel,234.9,221.3,13.6,1
2026-05-31,3639,ulp91,194.9,179.9,15.0,1
2026-05-31,3638,diesel,229.9,221.3,8.6,2
2026-05-31,3638,ulp95,220.9,196.9,24.0,2
2026-05-31,3638,ulp91,193.9,179.9,14.0,2
2026-05-31,3636,diesel,220.9,221.3,-0.4,1
2026-05-31,3658,ulp91,179.9,179.9,0.0,1
2026-05-31,3658,ulp95,193.9,196.9,-3.0,1
2026-05-31,3659,ulp91,179.9,179.9,0.0,2
2026-05-31,3659,ulp95,196.9,196.9,0.0,2
2026-05-31,3672,ulp91,179.1,179.9,-0.8,8
2026-05-31,3669,diesel,229.9,221.3,8.6,1
2026-05-31,3669,ulp91,189.9,179.9,10.0,1
2026-05-31,3666,diesel,219.5,221.3,-1.8,2
2026-05-31,3666,ulp95,202.8,196.9,5.9,2
2026-05-31,3666,ulp91,184.5,179.9,4.6,2
2026-05-31,3664,diesel,222.9,221.3,1.6,1
2026-05-31,3550,ulp95,196.6,196.9,-0.3,17
2026-05-31,3664,ulp95,198.9,196.9,2.0,1
2026-05-31,3662,diesel,230.0,221.3,8.7,1
2026-05-31,3662,ulp95,206.0,196.9,9.1,1
2026-05-31,3662,ulp91,188.0,179.9,8.1,1
2026-05-31,3660,diesel,228.9,221.3,7.6,5
2026-05-31,3660,ulp95,196.4,196.9,-0.5,5
2026-05-31,3660,ulp91,175.9,179.9,-4.0,5
2026-05-31,3659,diesel,219.9,221.3,-1.4,2
2026-05-31,3664,ulp91,181.9,179.9,2.0,1
2026-05-31,3707,diesel,249.9,221.3,28.6,4
2026-05-31,3550,ulp91,179.9,179.9,0.0,17
2026-05-31,3549,ulp91,193.9,179.9,14.0,1
2026-05-31,3428,ulp91,176.9,179.9,-3.0,1
2026-05-31,3424,diesel,269.9,221.3,48.6,1
2026-05-31,3424,ulp91,189.9,179.9,10.0,1
2026-05-31,3423,diesel,225.9,221.3,4.6,1
2026-05-31,3423,ulp95,211.9,196.9,15.0,1
2026-05-31,3423,ulp91,199.9,179.9,20.0,1
2026-05-31,3419,diesel,231.9,221.3,10.6,1
2026-05-31,3419,ulp91,195.9,179.9,16.0,1
2026-05-31,3418,diesel,219.9,221.3,-1.4,6
2026-05-31,3418,ulp95,204.9,196.9,8.0,6
2026-05-31,3418,ulp91,194.9,179.9,15.0,6
2026-05-31,3414,diesel,217.9,221.3,-3.4,2
2026-05-31,3414,ulp91,179.9,179.9,0.0,2
2026-05-31,3412,diesel,229.9,221.3,8.6,1
2026-05-31,3412,ulp91,189.9,179.9,10.0,1
2026-05-31,3428,diesel,225.9,221.3,4.6,1
2026-05-31,3408,diesel,219.9,221.3,-1.4,1
2026-05-31,3429,ulp91,178.6,179.9,-1.3,8
2026-05-31,3429,diesel,221.1,221.3,-0.2,8
2026-05-31,3444,ulp95,206.9,196.9,10.0,5
2026-05-31,3444,ulp91,189.9,179.9,10.0,5
2026-05-31,3442,ulp95,202.9,196.9,6.0,2
2026-05-31,3442,ulp91,185.9,179.9,6.0,2
2026-05-31,3440,diesel,228.7,221.3,7.4,1
2026-05-31,3440,ulp91,185.9,179.9,6.0,1
2026-05-31,3437,ulp95,206.9,196.9,10.0,2
2026-05-31,3437,ulp91,189.8,179.9,9.9,2
2026-05-31,3435,diesel,217.5,221.3,-3.8,1
2026-05-31,3435,ulp91,178.5,179.9,-1.4,1
2026-05-31,3434,diesel,217.4,221.3,-3.9,2
2026-05-31,3434,ulp95,196.9,196.9,0.0,2
2026-05-31,3434,ulp91,179.9,179.9,0.0,2
2026-05-31,3431,diesel,225.9,221.3,4.6,2
2026-05-31,3431,ulp91,185.9,179.9,6.0,2
2026-05-31,3429,ulp95,195.2,196.9,-1.7,8
2026-05-31,3444,diesel,224.9,221.3,3.6,5
2026-05-31,3408,ulp91,193.9,179.9,14.0,1
2026-05-31,3407,ulp91,185.9,179.9,6.0,1
2026-05-31,3388,diesel,227.9,221.3,6.6,2
2026-05-31,3388,ulp91,196.9,179.9,17.0,2
2026-05-31,3384,diesel,240.4,221.3,19.1,2
2026-05-31,3384,ulp91,200.9,179.9,21.0,2
2026-05-31,3381,diesel,227.9,221.3,6.6,1
2026-05-31,3381,ulp91,188.9,179.9,9.0,1
2026-05-31,3380,diesel,216.9,221.3,-4.4,5
2026-05-31,3380,ulp95,193.9,196.9,-3.0,5
2026-05-31,3380,ulp91,174.9,179.9,-5.0,5
2026-05-31,3377,diesel,216.2,221.3,-5.1,7
2026-05-31,3377,ulp95,196.6,196.9,-0.3,7
2026-05-31,3377,ulp91,175.3,179.9,-4.6,7
2026-05-31,3374,ulp91,179.9,179.9,0.0,1
2026-05-31,3373,diesel,216.9,221.3,-4.4,2
2026-05-31,3373,ulp95,196.9,196.9,0.0,2
2026-05-31,3390,ulp91,181.9,179.9,2.0,1
2026-05-31,3407,diesel,229.9,221.3,8.6,1
2026-05-31,3390,diesel,225.9,221.3,4.6,1
2026-05-31,3391,diesel,259.0,221.3,37.7,1
2026-05-31,3401,diesel,221.9,221.3,0.6,2
2026-05-31,3401,ulp95,194.9,196.9,-2.0,2
2026-05-31,3401,ulp91,179.9,179.9,0.0,2
2026-05-31,3400,diesel,222.6,221.3,1.3,14
2026-05-31,3400,ulp95,199.9,196.9,3.0,14
2026-05-31,3400,ulp91,181.9,179.9,2.0,14
2026-05-31,3396,diesel,233.4,221.3,12.1,2
2026-05-31,3396,ulp91,185.9,179.9,6.0,2
2026-05-31,3395,diesel,228.4,221.3,7.1,2
2026-05-31,3395,ulp91,203.4,179.9,23.5,2
2026-05-31,3393,diesel,249.9,221.3,28.6,3
2026-05-31,3393,ulp95,205.9,196.9,9.0,3
2026-05-31,3393,ulp91,195.9,179.9,16.0,3
2026-05-31,3392,diesel,219.9,221.3,-1.4,1
2026-05-31,3392,ulp91,189.9,179.9,10.0,1
2026-05-31,3391,ulp91,201.1,179.9,21.2,1
2026-05-31,3447,ulp91,179.5,179.9,-0.4,1
2026-05-31,3450,ulp91,189.9,179.9,10.0,4
2026-05-31,3450,ulp95,208.9,196.9,12.0,4
2026-05-31,3517,diesel,227.9,221.3,6.6,2
2026-05-31,3517,ulp91,191.4,179.9,11.5,2
2026-05-31,3516,ulp91,189.9,179.9,10.0,1
2026-05-31,3515,diesel,226.9,221.3,5.6,1
2026-05-31,3512,diesel,219.9,221.3,-1.4,1
2026-05-31,3512,ulp91,189.9,179.9,10.0,1
2026-05-31,3509,diesel,244.9,221.3,23.6,1
2026-05-31,3509,ulp91,210.9,179.9,31.0,1
2026-05-31,3507,diesel,255.9,221.3,34.6,1
2026-05-31,3507,ulp91,224.9,179.9,45.0,1
2026-05-31,3505,diesel,244.9,221.3,23.6,2
2026-05-31,3505,ulp91,193.9,179.9,14.0,2
2026-05-31,3500,diesel,220.5,221.3,-0.8,14
2026-05-31,3500,ulp95,196.6,196.9,-0.3,14
2026-05-31,3500,ulp91,182.9,179.9,3.0,14
2026-05-31,3518,ulp91,192.9,179.9,13.0,1
2026-05-31,3498,diesel,214.4,221.3,-6.9,3
2026-05-31,3518,diesel,232.9,221.3,11.6,1
2026-05-31,3523,ulp95,206.9,196.9,10.0,3
2026-05-31,3540,diesel,213.9,221.3,-7.4,1
2026-05-31,3540,ulp91,183.9,179.9,4.0,1
2026-05-31,3537,diesel,236.9,221.3,15.6,1
2026-05-31,3537,ulp95,208.9,196.9,12.0,1
2026-05-31,3537,ulp91,189.9,179.9,10.0,1
2026-05-31,3533,diesel,226.9,221.3,5.6,3
2026-05-31,3533,ulp91,197.9,179.9,18.0,3
2026-05-31,3531,diesel,213.9,221.3,-7.4,1
2026-05-31,3531,ulp91,183.9,179.9,4.0,1
2026-05-31,3527,diesel,235.9,221.3,14.6,1
2026-05-31,3527,ulp91,193.9,179.9,14.0,1
2026-05-31,3525,diesel,226.9,221.3,5.6,3
2026-05-31,3525,ulp95,209.9,196.9,13.0,3
2026-05-31,3525,ulp91,192.9,179.9,13.0,3
2026-05-31,3523,diesel,219.9,221.3,-1.4,3
2026-05-31,3523,ulp91,189.9,179.9,10.0,3
2026-05-31,3498,ulp95,199.4,196.9,2.5,3
2026-05-31,3498,ulp91,183.9,179.9,4.0,3
2026-05-31,3496,diesel,229.9,221.3,8.6,3
2026-05-31,3465,ulp91,177.5,179.9,-2.4,5
2026-05-31,3464,diesel,250.9,221.3,29.6,1
2026-05-31,3464,ulp91,225.9,179.9,46.0,1
2026-05-31,3460,diesel,223.3,221.3,2.0,3
2026-05-31,3460,ulp95,196.6,196.9,-0.3,3
2026-05-31,3460,ulp91,179.1,179.9,-0.8,3
2026-05-31,3458,diesel,241.9,221.3,20.6,2
2026-05-31,3458,ulp95,215.9,196.9,19.0,2
2026-05-31,3458,ulp91,190.4,179.9,10.5,2
2026-05-31,3453,diesel,238.4,221.3,17.1,2
2026-05-31,3453,ulp95,205.9,196.9,9.0,2
2026-05-31,3453,ulp91,187.9,179.9,8.0,2
2026-05-31,3451,diesel,235.0,221.3,13.7,1
2026-05-31,3451,ulp91,199.0,179.9,19.1,1
2026-05-31,3450,diesel,253.7,221.3,32.4,4
2026-05-31,3465,ulp95,194.2,196.9,-2.7,5
2026-05-31,3465,diesel,219.9,221.3,-1.4,5
2026-05-31,3467,ulp91,211.4,179.9,31.5,2
2026-05-31,3467,diesel,269.4,221.3,48.1,2
2026-05-31,3496,ulp95,259.9,196.9,63.0,3
2026-05-31,3496,ulp91,187.9,179.9,8.0,3
2026-05-31,3490,diesel,213.9,221.3,-7.4,5
2026-05-31,3490,ulp95,197.9,196.9,1.0,5
2026-05-31,3490,ulp91,185.9,179.9,6.0,5
2026-05-31,3488,diesel,255.9,221.3,34.6,1
2026-05-31,3488,ulp91,224.9,179.9,45.0,1
2026-05-31,3549,diesel,229.9,221.3,8.6,1
2026-05-31,3485,diesel,213.9,221.3,-7.4,1
2026-05-31,3483,diesel,226.9,221.3,5.6,3
2026-05-31,3483,ulp91,217.0,179.9,37.1,3
2026-05-31,3480,diesel,225.9,221.3,4.6,2
2026-05-31,3480,ulp91,189.9,179.9,10.0,2
2026-05-31,3478,diesel,238.9,221.3,17.6,5
2026-05-31,3478,ulp95,213.9,196.9,17.0,5
2026-05-31,3478,ulp91,198.9,179.9,19.0,5
2026-05-31,3485,ulp91,183.9,179.9,4.0,1
2026-05-31,3373,ulp91,176.9,179.9,-3.0,2
2026-05-31,3709,ulp91,220.0,179.9,40.1,1
2026-05-31,3711,ulp91,189.9,179.9,10.0,1
2026-05-31,3911,ulp91,177.7,179.9,-2.2,7
2026-05-31,3910,diesel,223.3,221.3,2.0,7
2026-05-31,3910,ulp95,202.1,196.9,5.2,7
2026-05-31,3910,ulp91,183.9,179.9,4.0,7
2026-05-31,3909,diesel,229.9,221.3,8.6,3
2026-05-31,3909,ulp95,193.9,196.9,-3.0,3
2026-05-31,3909,ulp91,179.9,179.9,0.0,3
2026-05-31,3903,diesel,219.9,221.3,-1.4,1
2026-05-31,3903,ulp91,175.9,179.9,-4.0,1
2026-05-31,3902,ulp95,200.9,196.9,4.0,1
2026-05-31,3902,ulp91,179.9,179.9,0.0,1
2026-05-31,3896,diesel,233.9,221.3,12.6,1
2026-05-31,3896,ulp91,205.9,179.9,26.0,1
2026-05-31,3895,diesel,225.9,221.3,4.6,1
2026-05-31,3895,ulp95,201.9,196.9,5.0,1
2026-05-31,3911,ulp95,189.7,196.9,-7.2,7
2026-05-31,3895,ulp91,183.9,179.9,4.0,1
2026-05-31,3911,diesel,219.9,221.3,-1.4,7
2026-05-31,3912,ulp95,201.1,196.9,4.2,4
2026-05-31,3922,diesel,232.9,221.3,11.6,3
2026-05-31,3922,ulp95,203.9,196.9,7.0,3
2026-05-31,3922,ulp91,185.9,179.9,6.0,3
2026-05-31,3919,diesel,213.9,221.3,-7.4,1
2026-05-31,3919,ulp91,177.7,179.9,-2.2,1
2026-05-31,3918,diesel,264.9,221.3,43.6,1
2026-05-31,3918,ulp95,218.9,196.9,22.0,1
2026-05-31,3918,ulp91,189.9,179.9,10.0,1
2026-05-31,3915,diesel,214.4,221.3,-6.9,6
2026-05-31,3915,ulp95,196.4,196.9,-0.5,6
2026-05-31,3915,ulp91,178.9,179.9,-1.0,6
2026-05-31,3913,diesel,215.5,221.3,-5.8,1
2026-05-31,3913,ulp95,201.5,196.9,4.6,1
2026-05-31,3913,ulp91,179.5,179.9,-0.4,1
2026-05-31,3912,diesel,219.7,221.3,-1.6,4
2026-05-31,3912,ulp91,183.8,179.9,3.9,4
2026-05-31,3925,ulp91,185.9,179.9,6.0,1
2026-05-31,3892,diesel,227.9,221.3,6.6,2
2026-05-31,3890,diesel,229.9,221.3,8.6,3
2026-05-31,3874,ulp91,187.9,179.9,8.0,1
2026-05-31,3871,diesel,229.9,221.3,8.6,1
2026-05-31,3871,ulp95,205.9,196.9,9.0,1
2026-05-31,3871,ulp91,187.9,179.9,8.0,1
2026-05-31,3869,ulp91,181.9,179.9,2.0,1
2026-05-31,3862,diesel,229.9,221.3,8.6,1
2026-05-31,3862,ulp95,203.9,196.9,7.0,1
2026-05-31,3862,ulp91,185.9,179.9,6.0,1
2026-05-31,3860,diesel,245.0,221.3,23.7,5
2026-05-31,3860,ulp95,211.9,196.9,15.0,5
2026-05-31,3860,ulp91,199.9,179.9,20.0,5
2026-05-31,3859,diesel,249.9,221.3,28.6,1
2026-05-31,3859,ulp91,195.9,179.9,16.0,1
2026-05-31,3858,diesel,210.9,221.3,-10.4,2
2026-05-31,3858,ulp95,198.9,196.9,2.0,2
2026-05-31,3874,diesel,229.9,221.3,8.6,1
2026-05-31,3892,ulp91,188.9,179.9,9.0,2
2026-05-31,3875,ulp91,179.5,179.9,-0.4,10
2026-05-31,3875,diesel,225.9,221.3,4.6,10
2026-05-31,3890,ulp95,193.9,196.9,-3.0,3
2026-05-31,3890,ulp91,179.9,179.9,0.0,3
2026-05-31,3888,diesel,242.9,221.3,21.6,2
2026-05-31,3888,ulp95,208.9,196.9,12.0,2
2026-05-31,3888,ulp91,190.9,179.9,11.0,2
2026-05-31,3886,diesel,229.9,221.3,8.6,1
2026-05-31,3886,ulp95,207.9,196.9,11.0,1
2026-05-31,3886,ulp91,189.9,179.9,10.0,1
2026-05-31,3885,diesel,234.9,221.3,13.6,1
2026-05-31,3885,ulp91,185.9,179.9,6.0,1
2026-05-31,3883,diesel,228.9,221.3,7.6,1
2026-05-31,3883,ulp95,199.9,196.9,3.0,1
2026-05-31,3883,ulp91,185.9,179.9,6.0,1
2026-05-31,3880,diesel,223.9,221.3,2.6,1
2026-05-31,3880,ulp91,186.9,179.9,7.0,1
2026-05-31,3875,ulp95,196.6,196.9,-0.3,10
2026-05-31,3925,ulp95,199.9,196.9,3.0,1
2026-05-31,3925,diesel,228.9,221.3,7.6,1
2026-05-31,3926,ulp91,184.9,179.9,5.0,1
2026-05-31,3977,diesel,221.1,221.3,-0.2,23
2026-05-31,3977,ulp95,194.9,196.9,-2.0,23
2026-05-31,3977,ulp91,179.9,179.9,0.0,23
2026-05-31,3976,diesel,228.5,221.3,7.2,5
2026-05-31,3976,ulp95,205.4,196.9,8.5,5
2026-05-31,3976,ulp91,187.9,179.9,8.0,5
2026-05-31,3975,diesel,215.5,221.3,-5.8,5
2026-05-31,3975,ulp95,196.4,196.9,-0.5,5
2026-05-31,3975,ulp91,177.9,179.9,-2.0,5
2026-05-31,3971,diesel,228.9,221.3,7.6,4
2026-05-31,3971,ulp95,203.9,196.9,7.0,4
2026-05-31,3971,ulp91,188.4,179.9,8.5,4
2026-05-31,3966,diesel,229.9,221.3,8.6,1
2026-05-31,3966,ulp91,187.9,179.9,8.0,1
2026-05-31,3962,diesel,229.9,221.3,8.6,1
2026-05-31,3978,ulp91,177.7,179.9,-2.2,5
2026-05-31,3962,ulp95,205.9,196.9,9.0,1
2026-05-31,3978,ulp95,194.9,196.9,-2.0,5
2026-05-31,3980,ulp91,183.9,179.9,4.0,1
2026-05-31,3996,diesel,227.9,221.3,6.6,1
2026-05-31,3996,ulp91,185.9,179.9,6.0,1
2026-05-31,3995,diesel,227.4,221.3,6.1,6
2026-05-31,3995,ulp95,197.2,196.9,0.3,6
2026-05-31,3995,ulp91,183.9,179.9,4.0,6
2026-05-31,3991,diesel,228.9,221.3,7.6,1
2026-05-31,3991,ulp95,202.9,196.9,6.0,1
2026-05-31,3991,ulp91,185.9,179.9,6.0,1
2026-05-31,3984,diesel,223.5,221.3,2.2,3
2026-05-31,3984,ulp95,201.2,196.9,4.3,3
2026-05-31,3984,ulp91,183.7,179.9,3.8,3
2026-05-31,3981,diesel,221.9,221.3,0.6,1
2026-05-31,3981,ulp91,178.9,179.9,-1.0,1
2026-05-31,3980,diesel,221.9,221.3,0.6,1
2026-05-31,3980,ulp95,197.9,196.9,1.0,1
2026-05-31,3978,diesel,222.2,221.3,0.9,5
2026-05-31,3962,ulp91,187.9,179.9,8.0,1
2026-05-31,3960,diesel,232.0,221.3,10.7,2
2026-05-31,3960,ulp95,208.9,196.9,12.0,2
2026-05-31,3939,ulp91,189.9,179.9,10.0,5
2026-05-31,3937,diesel,225.9,221.3,4.6,1
2026-05-31,3937,ulp91,177.9,179.9,-2.0,1
2026-05-31,3936,ulp95,189.9,196.9,-7.0,2
2026-05-31,3936,ulp91,183.9,179.9,4.0,2
2026-05-31,3935,ulp95,200.9,196.9,4.0,1
2026-05-31,3935,ulp91,183.9,179.9,4.0,1
2026-05-31,3933,diesel,219.3,221.3,-2.0,2
2026-05-31,3933,ulp95,190.2,196.9,-6.7,2
2026-05-31,3933,ulp91,172.6,179.9,-7.3,2
2026-05-31,3931,diesel,220.5,221.3,-0.8,8
2026-05-31,3931,ulp95,200.7,196.9,3.8,8
2026-05-31,3931,ulp91,183.9,179.9,4.0,8
2026-05-31,3930,ulp95,189.7,196.9,-7.2,1
2026-05-31,3930,ulp91,177.7,179.9,-2.2,1
2026-05-31,3939,ulp95,205.9,196.9,9.0,5
2026-05-31,3939,diesel,230.7,221.3,9.4,5
2026-05-31,3941,ulp91,183.9,179.9,4.0,3
2026-05-31,3941,ulp95,200.9,196.9,4.0,3
2026-05-31,3960,ulp91,188.4,179.9,8.5,2
2026-05-31,3959,diesel,229.4,221.3,8.1,2
2026-05-31,3959,ulp91,186.4,179.9,6.5,2
2026-05-31,3956,diesel,244.9,221.3,23.6,3
2026-05-31,3956,ulp91,188.0,179.9,8.1,3
2026-05-31,3953,diesel,227.9,221.3,6.6,6
2026-05-31,3953,ulp95,203.9,196.9,7.0,6
2026-05-31,3858,ulp91,188.9,179.9,9.0,2
2026-05-31,3953,ulp91,185.9,179.9,6.0,6
2026-05-31,3950,ulp95,204.9,196.9,8.0,2
2026-05-31,3950,ulp91,185.9,179.9,6.0,2
2026-05-31,3945,diesel,229.0,221.3,7.7,1
2026-05-31,3945,ulp91,192.0,179.9,12.1,1
2026-05-31,3942,diesel,219.9,221.3,-1.4,1
2026-05-31,3942,ulp91,181.9,179.9,2.0,1
2026-05-31,3941,diesel,221.1,221.3,-0.2,3
2026-05-31,3950,diesel,229.9,221.3,8.6,2
2026-05-31,3709,diesel,258.0,221.3,36.7,1
2026-05-31,3856,diesel,229.9,221.3,8.6,1
2026-05-31,3856,ulp91,196.9,179.9,17.0,1
2026-05-31,3763,ulp95,197.5,196.9,0.6,1
2026-05-31,3763,ulp91,183.5,179.9,3.6,1
2026-05-31,3757,diesel,219.9,221.3,-1.4,2
2026-05-31,3757,ulp95,199.2,196.9,2.3,2
2026-05-31,3757,ulp91,183.7,179.9,3.8,2
2026-05-31,3756,diesel,219.9,221.3,-1.4,9
2026-05-31,3756,ulp95,193.7,196.9,-3.2,9
2026-05-31,3756,ulp91,185.9,179.9,6.0,9
2026-05-31,3754,diesel,220.9,221.3,-0.4,5
2026-05-31,3754,ulp95,199.4,196.9,2.5,5
2026-05-31,3754,ulp91,183.7,179.9,3.8,5
2026-05-31,3752,diesel,221.1,221.3,-0.2,5
2026-05-31,3752,ulp95,200.7,196.9,3.8,5
2026-05-31,3752,ulp91,183.7,179.9,3.8,5
2026-05-31,3750,ulp95,203.9,196.9,7.0,4
2026-05-31,3763,diesel,219.9,221.3,-1.4,1
2026-05-31,3750,ulp91,187.9,179.9,8.0,4
2026-05-31,3764,ulp91,178.3,179.9,-1.6,4
2026-05-31,3764,diesel,217.5,221.3,-3.8,4
2026-05-31,3783,ulp91,185.9,179.9,6.0,1
2026-05-31,3782,diesel,222.9,221.3,1.6,2
2026-05-31,3782,ulp95,201.2,196.9,4.3,2
2026-05-31,3782,ulp91,183.7,179.9,3.8,2
2026-05-31,3779,diesel,334.9,221.3,113.6,1
2026-05-31,3779,ulp91,259.9,179.9,80.0,1
2026-05-31,3778,ulp91,186.9,179.9,7.0,1
2026-05-31,3777,diesel,223.5,221.3,2.2,4
2026-05-31,3777,ulp95,202.9,196.9,6.0,4
2026-05-31,3777,ulp91,185.9,179.9,6.0,4
2026-05-31,3775,diesel,228.9,221.3,7.6,2
2026-05-31,3775,ulp95,199.9,196.9,3.0,2
2026-05-31,3775,ulp91,185.9,179.9,6.0,2
2026-05-31,3765,diesel,218.9,221.3,-2.4,1
2026-05-31,3765,ulp91,176.5,179.9,-3.4,1
2026-05-31,3764,ulp95,196.6,196.9,-0.3,4
2026-05-31,3785,ulp91,309.9,179.9,130.0,1
2026-05-31,3749,diesel,221.9,221.3,0.6,1
2026-05-31,3747,diesel,219.9,221.3,-1.4,1
2026-05-31,3720,diesel,255.9,221.3,34.6,2
2026-05-31,3720,ulp91,195.4,179.9,15.5,2
2026-05-31,3719,ulp91,193.9,179.9,14.0,1
2026-05-31,3717,diesel,244.9,221.3,23.6,3
2026-05-31,3717,ulp95,213.9,196.9,17.0,3
2026-05-31,3717,ulp91,195.9,179.9,16.0,3
2026-05-31,3715,diesel,239.9,221.3,18.6,1
2026-05-31,3715,ulp91,189.9,179.9,10.0,1
2026-05-31,3714,diesel,231.9,221.3,10.6,2
2026-05-31,3714,ulp91,189.9,179.9,10.0,2
2026-05-31,3713,diesel,329.9,221.3,108.6,2
2026-05-31,3713,ulp91,224.9,179.9,45.0,2
2026-05-31,3712,diesel,227.7,221.3,6.4,1
2026-05-31,3712,ulp91,187.7,179.9,7.8,1
2026-05-31,3711,diesel,242.9,221.3,21.6,1
2026-05-31,3722,ulp91,199.9,179.9,20.0,3
2026-05-31,3749,ulp91,194.9,179.9,15.0,1
2026-05-31,3722,ulp95,216.9,196.9,20.0,3
2026-05-31,3723,ulp91,275.9,179.9,96.0,1
2026-05-31,3747,ulp91,182.9,179.9,3.0,1
2026-05-31,3742,diesel,229.9,221.3,8.6,1
2026-05-31,3742,ulp91,189.9,179.9,10.0,1
2026-05-31,3741,diesel,219.9,221.3,-1.4,3
2026-05-31,3741,ulp91,185.9,179.9,6.0,3
2026-05-31,3740,diesel,219.9,221.3,-1.4,1
2026-05-31,3740,ulp91,183.9,179.9,4.0,1
2026-05-31,3737,diesel,219.5,221.3,-1.8,3
2026-05-31,3737,ulp91,183.5,179.9,3.6,3
2026-05-31,3733,diesel,239.9,221.3,18.6,1
2026-05-31,3733,ulp91,202.9,179.9,23.0,1
2026-05-31,3730,diesel,242.4,221.3,21.1,5
2026-05-31,3730,ulp95,206.9,196.9,10.0,5
2026-05-31,3730,ulp91,189.9,179.9,10.0,5
2026-05-31,3728,diesel,226.9,221.3,5.6,1
2026-05-31,3722,diesel,229.9,221.3,8.6,3
2026-05-31,3793,ulp91,187.9,179.9,8.0,1
2026-05-31,3793,ulp95,204.9,196.9,8.0,1
2026-05-31,3795,ulp91,187.9,179.9,8.0,1
2026-05-31,3832,ulp91,189.9,179.9,10.0,1
2026-05-31,3831,diesel,223.0,221.3,1.7,1
2026-05-31,3831,ulp91,180.0,179.9,0.1,1
2026-05-31,3825,diesel,211.5,221.3,-9.8,8
2026-05-31,3825,ulp95,192.6,196.9,-4.3,8
2026-05-31,3825,ulp91,175.1,179.9,-4.8,8
2026-05-31,3824,diesel,220.9,221.3,-0.4,3
2026-05-31,3824,ulp91,175.9,179.9,-4.0,3
2026-05-31,3823,diesel,219.9,221.3,-1.4,1
2026-05-31,3823,ulp95,189.3,196.9,-7.6,1
2026-05-31,3823,ulp91,175.3,179.9,-4.6,1
2026-05-31,3822,diesel,226.9,221.3,5.6,1
2026-05-31,3822,ulp95,203.9,196.9,7.0,1
2026-05-31,3822,ulp91,181.9,179.9,2.0,1
2026-05-31,3820,diesel,219.9,221.3,-1.4,8
2026-05-31,3832,ulp95,219.9,196.9,23.0,1
2026-05-31,3820,ulp95,196.8,196.9,-0.1,8
2026-05-31,3832,diesel,225.9,221.3,4.6,1
2026-05-31,3840,ulp95,197.2,196.9,0.3,7
2026-05-31,3851,diesel,234.9,221.3,13.6,3
2026-05-31,3851,ulp95,196.9,196.9,0.0,3
2026-05-31,3851,ulp91,189.9,179.9,10.0,3
2026-05-31,3850,diesel,226.6,221.3,5.3,8
2026-05-31,3850,ulp95,203.9,196.9,7.0,8
2026-05-31,3850,ulp91,182.9,179.9,3.0,8
2026-05-31,3847,diesel,227.9,221.3,6.6,1
2026-05-31,3847,ulp95,205.9,196.9,9.0,1
2026-05-31,3847,ulp91,185.9,179.9,6.0,1
2026-05-31,3844,diesel,219.5,221.3,-1.8,15
2026-05-31,3844,ulp95,193.9,196.9,-3.0,15
2026-05-31,3844,ulp91,175.5,179.9,-4.4,15
2026-05-31,3842,diesel,215.9,221.3,-5.4,1
2026-05-31,3842,ulp91,169.9,179.9,-10.0,1
2026-05-31,3840,diesel,224.9,221.3,3.6,7
2026-05-31,3840,ulp91,179.1,179.9,-0.8,7
2026-05-31,3820,ulp91,178.3,179.9,-1.6,8
2026-05-31,3818,diesel,219.9,221.3,-1.4,2
2026-05-31,3818,ulp95,189.9,196.9,-7.0,2
2026-05-31,3804,diesel,217.6,221.3,-3.7,2
2026-05-31,3804,ulp91,177.8,179.9,-2.1,2
2026-05-31,3803,diesel,221.9,221.3,0.6,4
2026-05-31,3803,ulp95,196.1,196.9,-0.8,4
2026-05-31,3803,ulp91,178.8,179.9,-1.1,4
2026-05-31,3802,diesel,217.6,221.3,-3.7,4
2026-05-31,3802,ulp95,197.9,196.9,1.0,4
2026-05-31,3802,ulp91,179.8,179.9,-0.1,4
2026-05-31,3799,diesel,229.9,221.3,8.6,1
2026-05-31,3799,ulp91,182.9,179.9,3.0,1
2026-05-31,3797,diesel,219.9,221.3,-1.4,1
2026-05-31,3797,ulp95,198.9,196.9,2.0,1
2026-05-31,3797,ulp91,179.9,179.9,0.0,1
2026-05-31,3796,diesel,216.9,221.3,-4.4,1
2026-05-31,3796,ulp91,176.4,179.9,-3.5,1
2026-05-31,3805,ulp91,183.7,179.9,3.8,8
2026-05-31,3805,ulp95,197.2,196.9,0.3,8
2026-05-31,3805,diesel,223.3,221.3,2.0,8
2026-05-31,3806,ulp91,183.8,179.9,3.9,4
2026-05-31,3818,ulp91,175.9,179.9,-4.0,2
2026-05-31,3816,diesel,219.9,221.3,-1.4,2
2026-05-31,3816,ulp95,192.9,196.9,-4.0,2
2026-05-31,3816,ulp91,175.9,179.9,-4.0,2
2026-05-31,3812,ulp91,179.9,179.9,0.0,1
2026-05-31,3810,diesel,219.9,221.3,-1.4,13
2026-05-31,3810,ulp95,194.9,196.9,-2.0,13
2026-05-31,3856,ulp95,239.9,196.9,43.0,1
2026-05-31,3810,ulp91,174.9,179.9,-5.0,13
2026-05-31,3809,ulp95,189.6,196.9,-7.3,8
2026-05-31,3809,ulp91,174.4,179.9,-5.5,8
2026-05-31,3807,diesel,214.7,221.3,-6.6,2
2026-05-31,3807,ulp95,191.9,196.9,-5.0,2
2026-05-31,3807,ulp91,175.9,179.9,-4.0,2
2026-05-31,3806,diesel,222.9,221.3,1.6,4
2026-05-31,3806,ulp95,201.1,196.9,4.2,4
2026-05-31,3809,diesel,219.9,221.3,-1.4,8
2026-05-31,3370,diesel,229.9,221.3,8.6,1
2026-05-31,3707,ulp91,207.5,179.9,27.6,4
2026-05-31,3363,diesel,221.1,221.3,-0.2,1
2026-05-31,3102,ulp91,177.7,179.9,-2.2,1
2026-05-31,3101,diesel,219.5,221.3,-1.8,4
2026-05-31,3101,ulp95,193.9,196.9,-3.0,4
2026-05-31,3101,ulp91,180.3,179.9,0.4,4
2026-05-31,3095,diesel,220.1,221.3,-1.2,7
2026-05-31,3095,ulp95,197.9,196.9,1.0,7
2026-05-31,3095,ulp91,181.9,179.9,2.0,7
2026-05-31,3094,diesel,219.3,221.3,-2.0,2
2026-05-31,3094,ulp95,195.3,196.9,-1.6,2
2026-05-31,3094,ulp91,184.6,179.9,4.7,2
2026-05-31,3090,diesel,225.9,221.3,4.6,1
2026-05-31,3090,ulp95,195.9,196.9,-1.0,1
2026-05-31,3090,ulp91,179.9,179.9,0.0,1
2026-05-31,3089,diesel,223.9,221.3,2.6,3
2026-05-31,3089,ulp95,197.4,196.9,0.5,3
2026-05-31,3102,ulp95,189.7,196.9,-7.2,1
2026-05-31,3089,ulp91,179.9,179.9,0.0,3
2026-05-31,3103,ulp91,183.7,179.9,3.8,3
2026-05-31,3103,diesel,222.9,221.3,1.6,3
2026-05-31,3109,diesel,219.5,221.3,-1.8,5
2026-05-31,3109,ulp95,194.6,196.9,-2.3,5
2026-05-31,3109,ulp91,177.7,179.9,-2.2,5
2026-05-31,3108,diesel,218.7,221.3,-2.6,2
2026-05-31,3108,ulp95,195.2,196.9,-1.7,2
2026-05-31,3108,ulp91,177.7,179.9,-2.2,2
2026-05-31,3107,diesel,223.3,221.3,2.0,3
2026-05-31,3107,ulp95,200.9,196.9,4.0,3
2026-05-31,3107,ulp91,183.7,179.9,3.8,3
2026-05-31,3106,diesel,221.1,221.3,-0.2,2
2026-05-31,3106,ulp95,195.2,196.9,-1.7,2
2026-05-31,3106,ulp91,178.8,179.9,-1.1,2
2026-05-31,3105,diesel,217.0,221.3,-4.3,3
2026-05-31,3105,ulp95,197.7,196.9,0.8,3
2026-05-31,3105,ulp91,177.9,179.9,-2.0,3
2026-05-31,3103,ulp95,201.2,196.9,4.3,3
2026-05-31,3111,ulp91,179.9,179.9,0.0,1
2026-05-31,3088,diesel,220.1,221.3,-1.2,2
2026-05-31,3088,ulp91,178.0,179.9,-1.9,2
2026-05-31,3078,diesel,218.5,221.3,-2.8,5
2026-05-31,3078,ulp95,195.2,196.9,-1.7,5
2026-05-31,3078,ulp91,177.7,179.9,-2.2,5
2026-05-31,3076,diesel,219.9,221.3,-1.4,16
2026-05-31,3076,ulp95,201.2,196.9,4.3,16
2026-05-31,3076,ulp91,184.9,179.9,5.0,16
2026-05-31,3074,diesel,213.9,221.3,-7.4,9
2026-05-31,3074,ulp95,191.9,196.9,-5.0,9
2026-05-31,3074,ulp91,176.9,179.9,-3.0,9
2026-05-31,3073,diesel,209.9,221.3,-11.4,8
2026-05-31,3073,ulp95,187.2,196.9,-9.7,8
2026-05-31,3073,ulp91,169.8,179.9,-10.1,8
2026-05-31,3072,diesel,219.2,221.3,-2.1,11
2026-05-31,3072,ulp95,190.9,196.9,-6.0,11
2026-05-31,3072,ulp91,177.7,179.9,-2.2,11
2026-05-31,3079,ulp91,199.9,179.9,20.0,1
2026-05-31,3088,ulp95,194.9,196.9,-2.0,2
2026-05-31,3079,ulp95,225.9,196.9,29.0,1
2026-05-31,3081,ulp91,176.8,179.9,-3.1,2
2026-05-31,3087,ulp95,194.9,196.9,-2.0,1
2026-05-31,3087,ulp91,177.9,179.9,-2.0,1
2026-05-31,3085,ulp95,196.9,196.9,0.0,1
2026-05-31,3085,ulp91,179.9,179.9,0.0,1
2026-05-31,3084,diesel,219.5,221.3,-1.8,2
2026-05-31,3084,ulp95,195.2,196.9,-1.7,2
2026-05-31,3084,ulp91,183.8,179.9,3.9,2
2026-05-31,3083,diesel,209.2,221.3,-12.1,5
2026-05-31,3083,ulp95,184.7,196.9,-12.2,5
2026-05-31,3083,ulp91,169.9,179.9,-10.0,5
2026-05-31,3082,diesel,223.3,221.3,2.0,5
2026-05-31,3082,ulp95,196.1,196.9,-0.8,5
2026-05-31,3082,ulp91,177.9,179.9,-2.0,5
2026-05-31,3081,diesel,215.7,221.3,-5.6,2
2026-05-31,3081,ulp95,188.3,196.9,-8.6,2
2026-05-31,3079,diesel,265.9,221.3,44.6,1
2026-05-31,3111,ulp95,196.9,196.9,0.0,1
2026-05-31,3114,ulp91,177.7,179.9,-2.2,1
2026-05-31,3114,ulp95,193.7,196.9,-3.2,1
2026-05-31,3139,ulp95,199.9,196.9,3.0,6
2026-05-31,3139,ulp91,181.4,179.9,1.5,6
2026-05-31,3138,diesel,220.5,221.3,-0.8,3
2026-05-31,3138,ulp95,195.9,196.9,-1.0,3
2026-05-31,3138,ulp91,178.9,179.9,-1.0,3
2026-05-31,3137,diesel,222.9,221.3,1.6,5
2026-05-31,3137,ulp95,196.9,196.9,0.0,5
2026-05-31,3137,ulp91,179.9,179.9,0.0,5
2026-05-31,3136,diesel,219.5,221.3,-1.8,6
2026-05-31,3136,ulp95,198.9,196.9,2.0,6
2026-05-31,3136,ulp91,181.9,179.9,2.0,6
2026-05-31,3135,diesel,223.3,221.3,2.0,3
2026-05-31,3135,ulp95,201.2,196.9,4.3,3
2026-05-31,3135,ulp91,179.7,179.9,-0.2,3
2026-05-31,3134,diesel,221.5,221.3,0.2,8
2026-05-31,3139,diesel,217.9,221.3,-3.4,6
2026-05-31,3134,ulp95,201.2,196.9,4.3,8
2026-05-31,3140,ulp91,183.8,179.9,3.9,6
2026-05-31,3140,diesel,220.5,221.3,-0.8,6
2026-05-31,3148,ulp95,189.7,196.9,-7.2,3
2026-05-31,3148,ulp91,177.7,179.9,-2.2,3
2026-05-31,3147,diesel,219.5,221.3,-1.8,2
2026-05-31,3147,ulp95,195.2,196.9,-1.7,2
2026-05-31,3147,ulp91,180.1,179.9,0.2,2
2026-05-31,3146,ulp95,189.7,196.9,-7.2,1
2026-05-31,3146,ulp91,177.7,179.9,-2.2,1
2026-05-31,3145,diesel,219.7,221.3,-1.6,3
2026-05-31,3145,ulp95,199.9,196.9,3.0,3
2026-05-31,3145,ulp91,182.9,179.9,3.0,3
2026-05-31,3144,diesel,223.3,221.3,2.0,3
2026-05-31,3144,ulp95,198.7,196.9,1.8,3
2026-05-31,3144,ulp91,183.7,179.9,3.8,3
2026-05-31,3141,diesel,219.5,221.3,-1.8,2
2026-05-31,3141,ulp91,181.3,179.9,1.4,2
2026-05-31,3140,ulp95,195.2,196.9,-1.7,6
2026-05-31,3134,ulp91,183.7,179.9,3.8,8
2026-05-31,3133,diesel,221.1,221.3,-0.2,5
2026-05-31,3133,ulp95,201.2,196.9,4.3,5
2026-05-31,3124,ulp91,177.9,179.9,-2.0,3
2026-05-31,3123,ulp95,204.9,196.9,8.0,3
2026-05-31,3123,ulp91,187.9,179.9,8.0,3
2026-05-31,3122,diesel,239.9,221.3,18.6,5
2026-05-31,3122,ulp95,202.7,196.9,5.8,5
2026-05-31,3122,ulp91,185.9,179.9,6.0,5
2026-05-31,3121,diesel,224.7,221.3,3.4,5
2026-05-31,3121,ulp95,189.7,196.9,-7.2,5
2026-05-31,3121,ulp91,177.7,179.9,-2.2,5
2026-05-31,3116,diesel,223.4,221.3,2.1,4
2026-05-31,3116,ulp95,202.4,196.9,5.5,4
2026-05-31,3116,ulp91,184.9,179.9,5.0,4
2026-05-31,3115,diesel,269.9,221.3,48.6,1
2026-05-31,3115,ulp91,199.9,179.9,20.0,1
2026-05-31,3114,diesel,219.7,221.3,-1.6,1
2026-05-31,3124,ulp95,193.9,196.9,-3.0,3
2026-05-31,3125,ulp91,177.3,179.9,-2.6,4
2026-05-31,3125,ulp95,189.7,196.9,-7.2,4
2026-05-31,3125,diesel,214.8,221.3,-6.5,4
2026-05-31,3133,ulp91,185.9,179.9,6.0,5
2026-05-31,3132,diesel,214.9,221.3,-6.4,3
2026-05-31,3132,ulp95,192.9,196.9,-4.0,3
2026-05-31,3132,ulp91,179.9,179.9,0.0,3
2026-05-31,3131,diesel,221.1,221.3,-0.2,5
2026-05-31,3131,ulp95,201.2,196.9,4.3,5
2026-05-31,3131,ulp91,183.7,179.9,3.8,5
2026-05-31,3071,diesel,219.9,221.3,-1.4,3
2026-05-31,3130,diesel,221.1,221.3,-0.2,6
2026-05-31,3130,ulp91,184.8,179.9,4.9,6
2026-05-31,3128,diesel,217.9,221.3,-3.4,2
2026-05-31,3128,ulp95,190.3,196.9,-6.6,2
2026-05-31,3128,ulp91,177.3,179.9,-2.6,2
2026-05-31,3127,diesel,219.5,221.3,-1.8,2
2026-05-31,3127,ulp95,202.9,196.9,6.0,2
2026-05-31,3127,ulp91,181.8,179.9,1.9,2
2026-05-31,3130,ulp95,202.4,196.9,5.5,6
2026-05-31,3149,ulp91,177.7,179.9,-2.2,7
2026-05-31,3071,ulp95,195.9,196.9,-1.0,3
2026-05-31,3070,ulp95,195.9,196.9,-1.0,3
2026-05-31,3030,ulp91,185.9,179.9,6.0,16
2026-05-31,3029,diesel,219.0,221.3,-2.3,33
2026-05-31,3029,ulp95,196.4,196.9,-0.5,33
2026-05-31,3029,ulp91,179.9,179.9,0.0,33
2026-05-31,3028,diesel,223.3,221.3,2.0,6
2026-05-31,3028,ulp95,197.9,196.9,1.0,6
2026-05-31,3028,ulp91,179.9,179.9,0.0,6
2026-05-31,3027,ulp95,198.9,196.9,2.0,1
2026-05-31,3027,ulp91,183.9,179.9,4.0,1
2026-05-31,3026,diesel,213.9,221.3,-7.4,16
2026-05-31,3026,ulp95,196.9,196.9,0.0,16
2026-05-31,3026,ulp91,179.9,179.9,0.0,16
2026-05-31,3025,diesel,209.5,221.3,-11.8,7
2026-05-31,3025,ulp95,188.8,196.9,-8.1,7
2026-05-31,3025,ulp91,171.3,179.9,-8.6,7
2026-05-31,3030,ulp95,202.9,196.9,6.0,16
2026-05-31,3024,ulp95,201.4,196.9,4.5,2
2026-05-31,3030,diesel,221.4,221.3,0.1,16
2026-05-31,3031,ulp95,195.2,196.9,-1.7,3
2026-05-31,3037,diesel,219.5,221.3,-1.8,7
2026-05-31,3037,ulp95,190.1,196.9,-6.8,7
2026-05-31,3037,ulp91,177.1,179.9,-2.8,7
2026-05-31,3036,diesel,221.1,221.3,-0.2,3
2026-05-31,3036,ulp95,195.4,196.9,-1.5,3
2026-05-31,3036,ulp91,180.7,179.9,0.8,3
2026-05-31,3034,ulp95,206.9,196.9,10.0,1
2026-05-31,3034,ulp91,189.9,179.9,10.0,1
2026-05-31,3033,diesel,221.1,221.3,-0.2,2
2026-05-31,3033,ulp95,206.9,196.9,10.0,2
2026-05-31,3033,ulp91,186.8,179.9,6.9,2
2026-05-31,3032,diesel,214.4,221.3,-6.9,7
2026-05-31,3032,ulp95,197.4,196.9,0.5,7
2026-05-31,3032,ulp91,179.8,179.9,-0.1,7
2026-05-31,3031,diesel,209.9,221.3,-11.4,3
2026-05-31,3031,ulp91,177.7,179.9,-2.2,3
2026-05-31,3038,ulp91,177.9,179.9,-2.0,5
2026-05-31,3024,ulp91,185.9,179.9,6.0,2
2026-05-31,3023,ulp95,190.9,196.9,-6.0,9
2026-05-31,3015,ulp95,194.9,196.9,-2.0,5
2026-05-31,3015,ulp91,179.9,179.9,0.0,5
2026-05-31,3013,diesel,214.2,221.3,-7.1,4
2026-05-31,3013,ulp95,191.8,196.9,-5.1,4
2026-05-31,3013,ulp91,177.7,179.9,-2.2,4
2026-05-31,3012,diesel,209.9,221.3,-11.4,12
2026-05-31,3012,ulp95,196.9,196.9,0.0,12
2026-05-31,3012,ulp91,178.9,179.9,-1.0,12
2026-05-31,3011,diesel,215.9,221.3,-5.4,4
2026-05-31,3011,ulp95,195.2,196.9,-1.7,4
2026-05-31,3011,ulp91,179.9,179.9,0.0,4
2026-05-31,3002,diesel,219.5,221.3,-1.8,1
2026-05-31,3002,ulp95,195.2,196.9,-1.7,1
2026-05-31,3002,ulp91,177.7,179.9,-2.2,1
2026-05-31,3370,ulp91,179.9,179.9,0.0,1
2026-05-31,3015,diesel,239.9,221.3,18.6,5
2026-05-31,3023,diesel,214.7,221.3,-6.6,9
2026-05-31,3016,ulp91,176.4,179.9,-3.5,4
2026-05-31,3018,ulp91,171.5,179.9,-8.4,4
2026-05-31,3023,ulp91,175.9,179.9,-4.0,9
2026-05-31,3022,diesel,218.5,221.3,-2.8,3
2026-05-31,3022,ulp95,202.1,196.9,5.2,3
2026-05-31,3022,ulp91,183.7,179.9,3.8,3
2026-05-31,3021,diesel,221.2,221.3,-0.1,11
2026-05-31,3021,ulp95,196.3,196.9,-0.6,11
2026-05-31,3021,ulp91,179.3,179.9,-0.6,11
2026-05-31,3020,diesel,213.9,221.3,-7.4,10
2026-05-31,3020,ulp95,195.9,196.9,-1.0,10
2026-05-31,3020,ulp91,177.7,179.9,-2.2,10
2026-05-31,3019,diesel,205.9,221.3,-15.4,3
2026-05-31,3019,ulp95,195.4,196.9,-1.5,3
2026-05-31,3019,ulp91,175.9,179.9,-4.0,3
2026-05-31,3018,diesel,207.5,221.3,-13.8,4
2026-05-31,3018,ulp95,188.5,196.9,-8.4,4
2026-05-31,3016,ulp95,193.9,196.9,-3.0,4
2026-05-31,3038,ulp95,198.4,196.9,1.5,5
2026-05-31,3038,diesel,221.4,221.3,0.1,5
2026-05-31,3039,ulp91,183.9,179.9,4.0,5
2026-05-31,3061,ulp95,199.9,196.9,3.0,7
2026-05-31,3061,ulp91,182.9,179.9,3.0,7
2026-05-31,3060,diesel,219.5,221.3,-1.8,3
2026-05-31,3060,ulp95,195.2,196.9,-1.7,3
2026-05-31,3060,ulp91,178.8,179.9,-1.1,3
2026-05-31,3059,diesel,218.5,221.3,-2.8,5
2026-05-31,3059,ulp95,196.8,196.9,-0.1,5
2026-05-31,3059,ulp91,179.7,179.9,-0.2,5
2026-05-31,3058,diesel,220.6,221.3,-0.7,8
2026-05-31,3058,ulp95,196.9,196.9,0.0,8
2026-05-31,3058,ulp91,176.8,179.9,-3.1,8
2026-05-31,3057,diesel,222.2,221.3,0.9,2
2026-05-31,3057,ulp95,201.2,196.9,4.3,2
2026-05-31,3057,ulp91,183.7,179.9,3.8,2
2026-05-31,3056,diesel,229.9,221.3,8.6,1
2026-05-31,3061,diesel,215.7,221.3,-5.6,7
2026-05-31,3056,ulp91,189.9,179.9,10.0,1
2026-05-31,3062,ulp91,181.4,179.9,1.5,2
2026-05-31,3062,diesel,219.4,221.3,-1.9,2
2026-05-31,3070,ulp91,177.9,179.9,-2.0,3
2026-05-31,3068,diesel,219.5,221.3,-1.8,3
2026-05-31,3068,ulp95,195.2,196.9,-1.7,3
2026-05-31,3068,ulp91,177.7,179.9,-2.2,3
2026-05-31,3067,diesel,223.3,221.3,2.0,3
2026-05-31,3067,ulp95,198.9,196.9,2.0,3
2026-05-31,3067,ulp91,181.9,179.9,2.0,3
2026-05-31,3066,diesel,315.9,221.3,94.6,3
2026-05-31,3066,ulp95,227.5,196.9,30.6,3
2026-05-31,3066,ulp91,177.7,179.9,-2.2,3
2026-05-31,3065,ulp95,193.3,196.9,-3.6,2
2026-05-31,3065,ulp91,178.8,179.9,-1.1,2
2026-05-31,3064,diesel,219.9,221.3,-1.4,22
2026-05-31,3064,ulp95,201.9,196.9,5.0,22
2026-05-31,3064,ulp91,183.9,179.9,4.0,22
2026-05-31,3062,ulp95,196.9,196.9,0.0,2
2026-05-31,3055,ulp95,205.9,196.9,9.0,4
2026-05-31,3055,ulp91,189.7,179.9,9.8,4
2026-05-31,3054,diesel,209.9,221.3,-11.4,1
2026-05-31,3045,ulp91,181.9,179.9,2.0,1
2026-05-31,3044,diesel,225.9,221.3,4.6,4
2026-05-31,3044,ulp95,197.8,196.9,0.9,4
2026-05-31,3044,ulp91,183.8,179.9,3.9,4
2026-05-31,3043,diesel,219.7,221.3,-1.6,8
2026-05-31,3043,ulp95,197.1,196.9,0.2,8
2026-05-31,3043,ulp91,179.9,179.9,0.0,8
2026-05-31,3042,diesel,218.9,221.3,-2.4,6
2026-05-31,3042,ulp95,199.9,196.9,3.0,6
2026-05-31,3042,ulp91,183.9,179.9,4.0,6
2026-05-31,3041,diesel,223.3,221.3,2.0,1
2026-05-31,3041,ulp91,183.7,179.9,3.8,1
2026-05-31,3040,ulp91,185.9,179.9,6.0,1
2026-05-31,3039,diesel,223.3,221.3,2.0,5
2026-05-31,3039,ulp95,201.3,196.9,4.4,5
2026-05-31,3045,ulp95,198.9,196.9,2.0,1
2026-05-31,3046,ulp91,177.7,179.9,-2.2,3
2026-05-31,3046,ulp95,200.9,196.9,4.0,3
2026-05-31,3046,diesel,223.3,221.3,2.0,3
2026-05-31,3054,ulp95,188.9,196.9,-8.0,1
2026-05-31,3054,ulp91,174.9,179.9,-5.0,1
2026-05-31,3053,diesel,219.5,221.3,-1.8,3
2026-05-31,3053,ulp95,189.7,196.9,-7.2,3
2026-05-31,3053,ulp91,177.7,179.9,-2.2,3
2026-05-31,3051,diesel,223.9,221.3,2.6,5
2026-05-31,3051,ulp95,206.9,196.9,10.0,5
2026-05-31,3071,ulp91,179.9,179.9,0.0,3
2026-05-31,3051,ulp91,185.9,179.9,6.0,5
2026-05-31,3049,ulp91,176.9,179.9,-3.0,1
2026-05-31,3048,diesel,221.9,221.3,0.6,3
2026-05-31,3048,ulp95,201.9,196.9,5.0,3
2026-05-31,3048,ulp91,179.9,179.9,0.0,3
2026-05-31,3047,diesel,209.7,221.3,-11.6,7
2026-05-31,3047,ulp95,201.2,196.9,4.3,7
2026-05-31,3047,ulp91,179.9,179.9,0.0,7
2026-05-31,3049,ulp95,189.9,196.9,-7.0,1
2026-05-31,3149,ulp95,193.9,196.9,-3.0,7
2026-05-31,3001,ulp95,206.9,196.9,10.0,1
2026-05-31,3150,ulp91,177.9,179.9,-2.0,9
2026-05-31,3260,ulp91,179.9,179.9,0.0,5
2026-05-31,3250,diesel,224.9,221.3,3.6,8
2026-05-31,3250,ulp95,201.0,196.9,4.1,8
2026-05-31,3250,ulp91,183.9,179.9,4.0,8
2026-05-31,3241,diesel,228.4,221.3,7.1,2
2026-05-31,3241,ulp95,199.9,196.9,3.0,2
2026-05-31,3241,ulp91,182.9,179.9,3.0,2
2026-05-31,3233,diesel,230.9,221.3,9.6,2
2026-05-31,3233,ulp95,200.9,196.9,4.0,2
2026-05-31,3233,ulp91,183.9,179.9,4.0,2
2026-05-31,3232,diesel,230.9,221.3,9.6,1
2026-05-31,3232,ulp91,189.9,179.9,10.0,1
2026-05-31,3231,diesel,225.0,221.3,3.7,1
2026-05-31,3231,ulp91,189.0,179.9,9.1,1
2026-05-31,3230,diesel,218.9,221.3,-2.4,1
2026-05-31,3260,ulp95,195.9,196.9,-1.0,5
2026-05-31,3230,ulp95,192.6,196.9,-4.3,1
2026-05-31,3260,diesel,225.9,221.3,4.6,5
2026-05-31,3264,diesel,224.9,221.3,3.6,2
2026-05-31,3282,ulp91,179.9,179.9,0.0,1
2026-05-31,3280,diesel,223.1,221.3,1.8,12
2026-05-31,3280,ulp95,194.9,196.9,-2.0,12
2026-05-31,3280,ulp91,179.1,179.9,-0.8,12
2026-05-31,3274,diesel,222.9,221.3,1.6,1
2026-05-31,3272,diesel,271.9,221.3,50.6,3
2026-05-31,3272,ulp95,200.9,196.9,4.0,3
2026-05-31,3272,ulp91,183.9,179.9,4.0,3
2026-05-31,3269,diesel,229.9,221.3,8.6,1
2026-05-31,3269,ulp91,194.9,179.9,15.0,1
2026-05-31,3268,diesel,229.9,221.3,8.6,4
2026-05-31,3268,ulp91,179.9,179.9,0.0,4
2026-05-31,3266,diesel,221.9,221.3,0.6,3
2026-05-31,3266,ulp95,210.9,196.9,14.0,3
2026-05-31,3266,ulp91,184.4,179.9,4.5,3
2026-05-31,3264,ulp91,179.9,179.9,0.0,2
2026-05-31,3282,ulp95,204.9,196.9,8.0,1
2026-05-31,3230,ulp91,175.1,179.9,-4.8,1
2026-05-31,3228,ulp95,194.9,196.9,-2.0,5
2026-05-31,3221,diesel,229.9,221.3,8.6,2
2026-05-31,3221,ulp95,202.9,196.9,6.0,2
2026-05-31,3221,ulp91,186.9,179.9,7.0,2
2026-05-31,3220,diesel,218.9,221.3,-2.4,5
2026-05-31,3220,ulp95,192.8,196.9,-4.1,5
2026-05-31,3220,ulp91,175.9,179.9,-4.0,5
2026-05-31,3219,diesel,213.6,221.3,-7.7,5
2026-05-31,3219,ulp95,201.9,196.9,5.0,5
2026-05-31,3219,ulp91,183.9,179.9,4.0,5
2026-05-31,3218,diesel,217.1,221.3,-4.2,4
2026-05-31,3218,ulp95,190.4,196.9,-6.5,4
2026-05-31,3218,ulp91,175.1,179.9,-4.8,4
2026-05-31,3217,diesel,214.9,221.3,-6.4,6
2026-05-31,3217,ulp95,206.9,196.9,10.0,6
2026-05-31,3217,ulp91,184.9,179.9,5.0,6
2026-05-31,3222,ulp91,177.4,179.9,-2.5,4
2026-05-31,3228,diesel,220.4,221.3,-0.9,5
2026-05-31,3222,ulp95,196.9,196.9,0.0,4
2026-05-31,3223,ulp91,177.9,179.9,-2.0,1
2026-05-31,3228,ulp91,179.9,179.9,0.0,5
2026-05-31,3227,diesel,209.9,221.3,-11.4,1
2026-05-31,3227,ulp95,179.9,196.9,-17.0,1
2026-05-31,3227,ulp91,171.9,179.9,-8.0,1
2026-05-31,3226,diesel,219.9,221.3,-1.4,4
2026-05-31,3226,ulp95,205.9,196.9,9.0,4
2026-05-31,3226,ulp91,189.9,179.9,10.0,4
2026-05-31,3225,diesel,239.9,221.3,18.6,2
2026-05-31,3225,ulp95,224.3,196.9,27.4,2
2026-05-31,3225,ulp91,189.8,179.9,9.9,2
2026-05-31,3224,diesel,219.9,221.3,-1.4,4
2026-05-31,3224,ulp95,196.9,196.9,0.0,4
2026-05-31,3224,ulp91,178.9,179.9,-1.0,4
2026-05-31,3223,diesel,219.9,221.3,-1.4,1
2026-05-31,3223,ulp95,191.9,196.9,-5.0,1
2026-05-31,3222,diesel,219.9,221.3,-1.4,4
2026-05-31,3282,diesel,226.9,221.3,5.6,1
2026-05-31,3284,ulp91,176.9,179.9,-3.0,1
2026-05-31,3284,diesel,222.9,221.3,1.6,1
2026-05-31,3350,diesel,219.9,221.3,-1.4,21
2026-05-31,3350,ulp95,192.6,196.9,-4.3,21
2026-05-31,3350,ulp91,176.0,179.9,-3.9,21
2026-05-31,3342,ulp91,186.9,179.9,7.0,2
2026-05-31,3340,diesel,222.5,221.3,1.2,8
2026-05-31,3340,ulp95,194.6,196.9,-2.3,8
2026-05-31,3340,ulp91,178.9,179.9,-1.0,8
2026-05-31,3338,ulp95,196.9,196.9,0.0,3
2026-05-31,3338,ulp91,179.9,179.9,0.0,3
2026-05-31,3337,diesel,221.9,221.3,0.6,11
2026-05-31,3337,ulp95,200.9,196.9,4.0,11
2026-05-31,3337,ulp91,183.7,179.9,3.8,11
2026-05-31,3335,diesel,218.9,221.3,-2.4,2
2026-05-31,3335,ulp95,196.9,196.9,0.0,2
2026-05-31,3335,ulp91,179.9,179.9,0.0,2
2026-05-31,3351,ulp91,198.9,179.9,19.0,6
2026-05-31,3333,diesel,219.9,221.3,-1.4,1
2026-05-31,3351,ulp95,196.9,196.9,0.0,6
2026-05-31,3352,ulp91,178.9,179.9,-1.0,5
2026-05-31,3149,diesel,223.3,221.3,2.0,7
2026-05-31,3361,diesel,236.9,221.3,15.6,1
2026-05-31,3361,ulp91,179.9,179.9,0.0,1
2026-05-31,3358,ulp95,198.9,196.9,2.0,1
2026-05-31,3358,ulp91,181.9,179.9,2.0,1
2026-05-31,3357,diesel,231.9,221.3,10.6,1
2026-05-31,3357,ulp91,194.9,179.9,15.0,1
2026-05-31,3356,diesel,234.8,221.3,13.5,6
2026-05-31,3356,ulp95,196.4,196.9,-0.5,6
2026-05-31,3356,ulp91,177.3,179.9,-2.6,6
2026-05-31,3355,diesel,222.4,221.3,1.1,11
2026-05-31,3355,ulp95,194.9,196.9,-2.0,11
2026-05-31,3355,ulp91,173.9,179.9,-6.0,11
2026-05-31,3352,diesel,216.9,221.3,-4.4,5
2026-05-31,3352,ulp95,195.8,196.9,-1.1,5
2026-05-31,3351,diesel,233.9,221.3,12.6,6
2026-05-31,3333,ulp95,180.9,196.9,-16.0,1
2026-05-31,3333,ulp91,172.9,179.9,-7.0,1
2026-05-31,3331,diesel,217.9,221.3,-3.4,4
2026-05-31,3305,ulp95,194.7,196.9,-2.2,6
2026-05-31,3305,ulp91,179.7,179.9,-0.2,6
2026-05-31,3304,diesel,223.9,221.3,2.6,2
2026-05-31,3304,ulp91,187.4,179.9,7.5,2
2026-05-31,3300,diesel,214.9,221.3,-6.4,10
2026-05-31,3300,ulp95,194.4,196.9,-2.5,10
2026-05-31,3300,ulp91,175.9,179.9,-4.0,10
2026-05-31,3294,diesel,209.9,221.3,-11.4,1
2026-05-31,3294,ulp91,179.9,179.9,0.0,1
2026-05-31,3293,diesel,240.9,221.3,19.6,1
2026-05-31,3293,ulp91,195.9,179.9,16.0,1
2026-05-31,3292,diesel,219.9,221.3,-1.4,1
2026-05-31,3292,ulp91,189.9,179.9,10.0,1
2026-05-31,3289,diesel,224.9,221.3,3.6,1
2026-05-31,3289,ulp91,196.2,179.9,16.3,1
2026-05-31,3305,diesel,206.9,221.3,-14.4,6
2026-05-31,3311,ulp91,195.9,179.9,16.0,4
2026-05-31,3311,diesel,217.9,221.3,-3.4,4
2026-05-31,3315,ulp91,172.9,179.9,-7.0,1
2026-05-31,3331,ulp95,193.9,196.9,-3.0,4
2026-05-31,3331,ulp91,175.9,179.9,-4.0,4
2026-05-31,3330,diesel,226.9,221.3,5.6,1
2026-05-31,3325,diesel,227.0,221.3,5.7,2
2026-05-31,3325,ulp91,181.9,179.9,2.0,2
2026-05-31,3324,diesel,237.9,221.3,16.6,4
2026-05-31,3324,ulp95,237.9,196.9,41.0,4
2026-05-31,3216,diesel,213.5,221.3,-7.8,12
2026-05-31,3324,ulp91,192.4,179.9,12.5,4
2026-05-31,3321,ulp91,186.9,179.9,7.0,1
2026-05-31,3318,diesel,225.9,221.3,4.6,3
2026-05-31,3318,ulp95,197.9,196.9,1.0,3
2026-05-31,3318,ulp91,186.9,179.9,7.0,3
2026-05-31,3317,diesel,347.2,221.3,125.9,1
2026-05-31,3317,ulp91,278.9,179.9,99.0,1
2026-05-31,3315,diesel,209.9,221.3,-11.4,1
2026-05-31,3321,diesel,233.9,221.3,12.6,1
2026-05-31,3216,ulp95,192.6,196.9,-4.3,12
2026-05-31,3363,ulp91,179.1,179.9,-0.8,1
2026-05-31,3215,diesel,229.9,221.3,8.6,6
2026-05-31,3174,ulp91,173.9,179.9,-6.0,5
2026-05-31,3173,ulp95,194.4,196.9,-2.5,5
2026-05-31,3173,ulp91,177.9,179.9,-2.0,5
2026-05-31,3172,diesel,218.4,221.3,-2.9,7
2026-05-31,3172,ulp95,192.4,196.9,-4.5,7
2026-05-31,3172,ulp91,179.5,179.9,-0.4,7
2026-05-31,3171,diesel,219.9,221.3,-1.4,6
2026-05-31,3171,ulp95,198.9,196.9,2.0,6
2026-05-31,3171,ulp91,179.9,179.9,0.0,6
2026-05-31,3170,diesel,218.0,221.3,-3.3,6
2026-05-31,3170,ulp95,198.3,196.9,1.4,6
2026-05-31,3170,ulp91,178.9,179.9,-1.0,6
2026-05-31,3169,diesel,231.9,221.3,10.6,6
2026-05-31,3169,ulp95,201.9,196.9,5.0,6
2026-05-31,3169,ulp91,185.9,179.9,6.0,6
2026-05-31,3174,ulp95,194.4,196.9,-2.5,5
2026-05-31,3168,ulp95,195.9,196.9,-1.0,8
2026-05-31,3174,diesel,219.4,221.3,-1.9,5
2026-05-31,3175,ulp95,196.1,196.9,-0.8,24
2026-05-31,3181,ulp95,195.1,196.9,-1.8,5
2026-05-31,3181,ulp91,177.9,179.9,-2.0,5
2026-05-31,3180,diesel,223.3,221.3,2.0,2
2026-05-31,3180,ulp95,195.2,196.9,-1.7,2
2026-05-31,3180,ulp91,177.7,179.9,-2.2,2
2026-05-31,3179,diesel,218.9,221.3,-2.4,5
2026-05-31,3179,ulp95,189.9,196.9,-7.0,5
2026-05-31,3179,ulp91,177.9,179.9,-2.0,5
2026-05-31,3178,diesel,223.3,221.3,2.0,8
2026-05-31,3178,ulp95,196.9,196.9,0.0,8
2026-05-31,3178,ulp91,178.9,179.9,-1.0,8
2026-05-31,3177,diesel,216.4,221.3,-4.9,3
2026-05-31,3177,ulp95,182.9,196.9,-14.0,3
2026-05-31,3177,ulp91,173.9,179.9,-6.0,3
2026-05-31,3175,diesel,219.7,221.3,-1.6,24
2026-05-31,3175,ulp91,177.7,179.9,-2.2,24
2026-05-31,3181,diesel,223.3,221.3,2.0,5
2026-05-31,3168,ulp91,179.9,179.9,0.0,8
2026-05-31,3167,ulp91,182.9,179.9,3.0,3
2026-05-31,3155,ulp91,177.5,179.9,-2.4,1
2026-05-31,3154,diesel,225.7,221.3,4.4,1
2026-05-31,3154,ulp95,193.7,196.9,-3.2,1
2026-05-31,3154,ulp91,179.7,179.9,-0.2,1
2026-05-31,3153,diesel,221.0,221.3,-0.3,10
2026-05-31,3153,ulp95,195.2,196.9,-1.7,10
2026-05-31,3153,ulp91,179.7,179.9,-0.2,10
2026-05-31,3152,diesel,217.9,221.3,-3.4,8
2026-05-31,3152,ulp95,196.9,196.9,0.0,8
2026-05-31,3152,ulp91,179.9,179.9,0.0,8
2026-05-31,3151,ulp95,193.8,196.9,-3.1,2
2026-05-31,3151,ulp91,178.8,179.9,-1.1,2
2026-05-31,3150,diesel,221.1,221.3,-0.2,9
2026-05-31,3150,ulp95,194.9,196.9,-2.0,9
2026-05-31,3216,ulp91,175.1,179.9,-4.8,12
2026-05-31,3155,diesel,216.9,221.3,-4.4,1
2026-05-31,3167,ulp95,201.4,196.9,4.5,3
2026-05-31,3156,ulp91,179.5,179.9,-0.4,11
2026-05-31,3156,diesel,219.5,221.3,-1.8,11
2026-05-31,3166,diesel,219.5,221.3,-1.8,5
2026-05-31,3166,ulp95,195.2,196.9,-1.7,5
2026-05-31,3166,ulp91,177.7,179.9,-2.2,5
2026-05-31,3165,diesel,225.9,221.3,4.6,3
2026-05-31,3165,ulp95,201.2,196.9,4.3,3
2026-05-31,3165,ulp91,185.9,179.9,6.0,3
2026-05-31,3163,diesel,224.9,221.3,3.6,2
2026-05-31,3163,ulp95,197.9,196.9,1.0,2
2026-05-31,3163,ulp91,183.4,179.9,3.5,2
2026-05-31,3162,ulp95,197.9,196.9,1.0,3
2026-05-31,3162,ulp91,189.9,179.9,10.0,3
2026-05-31,3160,diesel,241.9,221.3,20.6,2
2026-05-31,3160,ulp91,182.9,179.9,3.0,2
2026-05-31,3158,ulp95,204.9,196.9,8.0,1
2026-05-31,3158,ulp91,187.9,179.9,8.0,1
2026-05-31,3156,ulp95,196.9,196.9,0.0,11
2026-05-31,3182,ulp91,183.7,179.9,3.8,3
2026-05-31,3168,diesel,224.7,221.3,3.4,8
2026-05-31,3182,diesel,223.3,221.3,2.0,3
2026-05-31,3205,diesel,229.4,221.3,8.1,5
2026-05-31,3205,ulp91,182.9,179.9,3.0,5
2026-05-31,3204,diesel,222.9,221.3,1.6,4
2026-05-31,3204,ulp95,202.1,196.9,5.2,4
2026-05-31,3204,ulp91,183.7,179.9,3.8,4
2026-05-31,3202,ulp95,185.9,196.9,-11.0,1
2026-05-31,3202,ulp91,171.9,179.9,-8.0,1
2026-05-31,3201,diesel,216.4,221.3,-4.9,6
2026-05-31,3201,ulp95,197.9,196.9,1.0,6
2026-05-31,3201,ulp91,177.2,179.9,-2.7,6
2026-05-31,3200,diesel,217.9,221.3,-3.4,1
2026-05-31,3200,ulp95,195.9,196.9,-1.0,1
2026-05-31,3200,ulp91,177.9,179.9,-2.0,1
2026-05-31,3199,diesel,218.5,221.3,-2.8,13
2026-05-31,3199,ulp95,191.1,196.9,-5.8,13
2026-05-31,3206,ulp91,185.9,179.9,6.0,1
2026-05-31,3199,ulp91,173.9,179.9,-6.0,13
2026-05-31,3206,ulp95,202.9,196.9,6.0,1
2026-05-31,3207,ulp95,199.9,196.9,3.0,5
2026-05-31,3182,ulp95,201.2,196.9,4.3,3
2026-05-31,3215,ulp91,179.9,179.9,0.0,6
2026-05-31,3214,diesel,215.9,221.3,-5.4,15
2026-05-31,3214,ulp95,192.2,196.9,-4.7,15
2026-05-31,3214,ulp91,176.5,179.9,-3.4,15
2026-05-31,3213,diesel,219.9,221.3,-1.4,4
2026-05-31,3213,ulp95,185.4,196.9,-11.5,4
2026-05-31,3213,ulp91,177.9,179.9,-2.0,4
2026-05-31,3212,diesel,217.3,221.3,-4.0,3
2026-05-31,3212,ulp95,185.9,196.9,-11.0,3
2026-05-31,3212,ulp91,176.9,179.9,-3.0,3
2026-05-31,3211,diesel,225.9,221.3,4.6,2
2026-05-31,3211,ulp95,191.9,196.9,-5.0,2
2026-05-31,3211,ulp91,186.4,179.9,6.5,2
2026-05-31,3207,diesel,219.5,221.3,-1.8,5
2026-05-31,3207,ulp91,183.5,179.9,3.6,5
2026-05-31,3198,diesel,235.5,221.3,14.2,7
2026-05-31,3205,ulp95,199.9,196.9,3.0,5
2026-05-31,3215,ulp95,193.2,196.9,-3.7,6
2026-05-31,3191,ulp91,187.9,179.9,8.0,2
2026-05-31,3190,ulp91,185.9,179.9,6.0,1
2026-05-31,3189,diesel,212.2,221.3,-9.1,4
2026-05-31,3189,ulp95,200.9,196.9,4.0,4
2026-05-31,3189,ulp91,181.8,179.9,1.9,4
2026-05-31,3188,diesel,223.3,221.3,2.0,2
2026-05-31,3188,ulp95,201.2,196.9,4.3,2
2026-05-31,3191,ulp95,204.9,196.9,8.0,2
2026-05-31,3188,ulp91,183.7,179.9,3.8,2
2026-05-31,3187,ulp91,181.9,179.9,2.0,1
2026-05-31,3186,ulp91,182.9,179.9,3.0,2
2026-05-31,3185,diesel,223.3,221.3,2.0,3
2026-05-31,3185,ulp95,206.9,196.9,10.0,3
2026-05-31,3185,ulp91,189.9,179.9,10.0,3
2026-05-31,3198,ulp95,190.9,196.9,-6.0,7
2026-05-31,3184,ulp91,177.9,179.9,-2.0,1
2026-05-31,3187,ulp95,198.9,196.9,2.0,1
2026-05-31,3192,ulp91,173.6,179.9,-6.3,4
2026-05-31,3184,ulp95,195.4,196.9,-1.5,1
2026-05-31,3192,diesel,209.2,221.3,-12.1,4
2026-05-31,3192,ulp95,190.8,196.9,-6.1,4
2026-05-31,3197,diesel,229.9,221.3,8.6,2
2026-05-31,3197,ulp95,200.9,196.9,4.0,2
2026-05-31,3197,ulp91,184.9,179.9,5.0,2
2026-05-31,3196,diesel,229.9,221.3,8.6,3
2026-05-31,3196,ulp95,200.9,196.9,4.0,3
2026-05-31,3196,ulp91,184.9,179.9,5.0,3
2026-05-31,3195,diesel,219.3,221.3,-2.0,8
2026-05-31,3198,ulp91,175.9,179.9,-4.0,7
2026-05-31,3195,ulp91,183.7,179.9,3.8,8
2026-05-31,3194,diesel,216.9,221.3,-4.4,6
2026-05-31,3194,ulp95,191.9,196.9,-5.0,6
2026-05-31,3194,ulp91,174.2,179.9,-5.7,6
2026-05-31,3193,ulp95,206.9,196.9,10.0,1
2026-05-31,3193,ulp91,189.9,179.9,10.0,1
2026-05-31,3195,ulp95,199.9,196.9,3.0,8
2026-06-03,3612,ulp91,177.9,177.9,0.0,1
2026-06-03,3610,ulp91,203.9,177.9,26.0,1
2026-06-03,3608,diesel,220.9,217.9,3.0,2
2026-06-03,3608,ulp95,194.9,193.9,1.0,2
2026-06-03,3608,ulp91,181.4,177.9,3.5,2
2026-06-03,3585,ulp91,186.4,177.9,8.5,10
2026-06-03,3599,diesel,236.9,217.9,19.0,1
2026-06-03,3597,ulp91,200.9,177.9,23.0,1
2026-06-03,3597,diesel,230.9,217.9,13.0,1
2026-06-03,3594,diesel,224.9,217.9,7.0,2
2026-06-03,3594,ulp91,184.4,177.9,6.5,2
2026-06-03,3585,diesel,220.9,217.9,3.0,10
2026-06-03,3585,ulp95,202.4,193.9,8.5,10
2026-06-03,3616,ulp91,181.9,177.9,4.0,2
2026-06-03,3599,ulp91,191.9,177.9,14.0,1
2026-06-03,3616,diesel,245.9,217.9,28.0,2
2026-06-03,3623,diesel,219.9,217.9,2.0,1
2026-06-03,3617,diesel,219.9,217.9,2.0,1
2026-06-03,3584,ulp91,173.9,177.9,-4.0,1
2026-06-03,3631,ulp95,190.2,193.9,-3.7,4
2026-06-03,3631,ulp91,175.9,177.9,-2.0,4
2026-06-03,3630,diesel,226.9,217.9,9.0,15
2026-06-03,3630,ulp95,193.9,193.9,0.0,15
2026-06-03,3630,ulp91,175.9,177.9,-2.0,15
2026-06-03,3629,diesel,219.4,217.9,1.5,4
2026-06-03,3629,ulp95,193.9,193.9,0.0,4
2026-06-03,3629,ulp91,176.9,177.9,-1.0,4
2026-06-03,3623,ulp91,184.9,177.9,7.0,1
2026-06-03,3621,diesel,253.9,217.9,36.0,1
2026-06-03,3621,ulp91,189.9,177.9,12.0,1
2026-06-03,3620,diesel,226.9,217.9,9.0,4
2026-06-03,3620,ulp95,200.4,193.9,6.5,4
2026-06-03,3620,ulp91,181.9,177.9,4.0,4
2026-06-03,3617,ulp91,179.9,177.9,2.0,1
2026-06-03,3581,diesel,209.9,217.9,-8.0,1
2026-06-03,3551,ulp91,179.9,177.9,2.0,7
2026-06-03,3579,diesel,220.9,217.9,3.0,6
2026-06-03,3561,ulp91,189.9,177.9,12.0,3
2026-06-03,3559,diesel,228.9,217.9,11.0,1
2026-06-03,3559,ulp91,189.9,177.9,12.0,1
2026-06-03,3558,diesel,226.9,217.9,9.0,1
2026-06-03,3558,ulp91,183.9,177.9,6.0,1
2026-06-03,3556,diesel,230.9,217.9,13.0,2
2026-06-03,3556,ulp91,182.9,177.9,5.0,2
2026-06-03,3555,diesel,221.4,217.9,3.5,7
2026-06-03,3555,ulp95,196.9,193.9,3.0,7
2026-06-03,3555,ulp91,179.9,177.9,2.0,7
2026-06-03,3554,diesel,245.9,217.9,28.0,1
2026-06-03,3554,ulp91,225.9,177.9,48.0,1
2026-06-03,3551,diesel,216.1,217.9,-1.8,7
2026-06-03,3551,ulp95,198.9,193.9,5.0,7
2026-06-03,3631,diesel,218.9,217.9,1.0,4
2026-06-03,3561,diesel,269.9,217.9,52.0,3
2026-06-03,3562,ulp91,184.9,177.9,7.0,1
2026-06-03,3562,diesel,225.9,217.9,8.0,1
2026-06-03,3563,ulp91,192.9,177.9,15.0,1
2026-06-03,3579,ulp95,202.4,193.9,8.5,6
2026-06-03,3579,ulp91,182.9,177.9,5.0,6
2026-06-03,3575,diesel,229.9,217.9,12.0,1
2026-06-03,3575,ulp95,199.9,193.9,6.0,1
2026-06-03,3575,ulp91,189.9,177.9,12.0,1
2026-06-03,3573,diesel,235.9,217.9,18.0,1
2026-06-03,3573,ulp91,202.9,177.9,25.0,1
2026-06-03,3581,ulp91,175.9,177.9,-2.0,1
2026-06-03,3568,diesel,222.0,217.9,4.1,5
2026-06-03,3568,ulp91,193.0,177.9,15.1,5
2026-06-03,3566,diesel,238.0,217.9,20.1,1
2026-06-03,3566,ulp91,200.0,177.9,22.1,1
2026-06-03,3564,diesel,218.9,217.9,1.0,11
2026-06-03,3564,ulp95,194.4,193.9,0.5,11
2026-06-03,3564,ulp91,173.5,177.9,-4.4,11
2026-06-03,3563,diesel,232.9,217.9,15.0,1
2026-06-03,3568,ulp95,215.0,193.9,21.1,5
2026-06-03,3635,ulp91,178.9,177.9,1.0,1
2026-06-03,3701,ulp95,300.0,193.9,106.1,2
2026-06-03,3636,ulp91,185.9,177.9,8.0,1
2026-06-03,3687,diesel,215.9,217.9,-2.0,1
2026-06-03,3687,ulp91,179.9,177.9,2.0,1
2026-06-03,3685,diesel,241.9,217.9,24.0,2
2026-06-03,3685,ulp91,182.9,177.9,5.0,2
2026-06-03,3683,diesel,246.9,217.9,29.0,1
2026-06-03,3683,ulp91,216.9,177.9,39.0,1
2026-06-03,3678,diesel,222.9,217.9,5.0,2
2026-06-03,3678,ulp91,184.4,177.9,6.5,2
2026-06-03,3677,diesel,217.9,217.9,0.0,6
2026-06-03,3677,ulp95,194.4,193.9,0.5,6
2026-06-03,3677,ulp91,177.7,177.9,-0.2,6
2026-06-03,3675,diesel,214.9,217.9,-3.0,2
2026-06-03,3675,ulp95,192.9,193.9,-1.0,2
2026-06-03,3675,ulp91,175.9,177.9,-2.0,2
2026-06-03,3673,diesel,219.9,217.9,2.0,1
2026-06-03,3688,ulp91,187.9,177.9,10.0,1
2026-06-03,3673,ulp95,199.9,193.9,6.0,1
2026-06-03,3688,diesel,219.9,217.9,2.0,1
2026-06-03,3690,ulp91,179.8,177.9,1.9,17
2026-06-03,3374,ulp91,169.9,177.9,-8.0,1
2026-06-03,3701,ulp91,241.4,177.9,63.5,2
2026-06-03,3700,diesel,251.9,217.9,34.0,2
2026-06-03,3700,ulp95,234.9,193.9,41.0,2
2026-06-03,3700,ulp91,206.9,177.9,29.0,2
2026-06-03,3699,diesel,219.9,217.9,2.0,1
2026-06-03,3699,ulp95,205.9,193.9,12.0,1
2026-06-03,3699,ulp91,187.9,177.9,10.0,1
2026-06-03,3698,diesel,222.9,217.9,5.0,1
2026-06-03,3698,ulp91,189.9,177.9,12.0,1
2026-06-03,3691,diesel,233.9,217.9,16.0,6
2026-06-03,3691,ulp95,196.9,193.9,3.0,6
2026-06-03,3691,ulp91,181.9,177.9,4.0,6
2026-06-03,3690,diesel,224.9,217.9,7.0,17
2026-06-03,3690,ulp95,196.3,193.9,2.4,17
2026-06-03,3689,diesel,219.9,217.9,2.0,1
2026-06-03,3673,ulp91,177.9,177.9,0.0,1
2026-06-03,3672,diesel,215.9,217.9,-2.0,8
2026-06-03,3672,ulp95,194.9,193.9,1.0,8
2026-06-03,3650,diesel,215.7,217.9,-2.2,1
2026-06-03,3650,ulp95,180.5,193.9,-13.4,1
2026-06-03,3650,ulp91,172.5,177.9,-5.4,1
2026-06-03,3644,diesel,216.9,217.9,-1.0,6
2026-06-03,3644,ulp95,204.9,193.9,11.0,6
2026-06-03,3644,ulp91,188.9,177.9,11.0,6
2026-06-03,3641,ulp91,329.9,177.9,152.0,1
2026-06-03,3640,diesel,229.9,217.9,12.0,1
2026-06-03,3640,ulp91,189.9,177.9,12.0,1
2026-06-03,3639,diesel,234.9,217.9,17.0,1
2026-06-03,3639,ulp91,194.9,177.9,17.0,1
2026-06-03,3638,diesel,223.9,217.9,6.0,2
2026-06-03,3638,ulp95,220.9,193.9,27.0,2
2026-06-03,3638,ulp91,192.4,177.9,14.5,2
2026-06-03,3636,diesel,216.9,217.9,-1.0,1
2026-06-03,3658,ulp91,179.9,177.9,2.0,1
2026-06-03,3658,ulp95,193.9,193.9,0.0,1
2026-06-03,3659,ulp91,177.9,177.9,0.0,2
2026-06-03,3659,ulp95,194.9,193.9,1.0,2
2026-06-03,3672,ulp91,176.9,177.9,-1.0,8
2026-06-03,3669,diesel,227.9,217.9,10.0,1
2026-06-03,3669,ulp91,179.9,177.9,2.0,1
2026-06-03,3666,diesel,215.3,217.9,-2.6,2
2026-06-03,3666,ulp95,195.7,193.9,1.8,2
2026-06-03,3666,ulp91,177.4,177.9,-0.5,2
2026-06-03,3664,diesel,214.9,217.9,-3.0,1
2026-06-03,3635,diesel,215.9,217.9,-2.0,1
2026-06-03,3664,ulp95,194.9,193.9,1.0,1
2026-06-03,3662,diesel,229.0,217.9,11.1,1
2026-06-03,3662,ulp95,206.0,193.9,12.1,1
2026-06-03,3662,ulp91,188.0,177.9,10.1,1
2026-06-03,3660,diesel,228.9,217.9,11.0,5
2026-06-03,3660,ulp95,196.4,193.9,2.5,5
2026-06-03,3660,ulp91,175.9,177.9,-2.0,5
2026-06-03,3659,diesel,212.9,217.9,-5.0,2
2026-06-03,3664,ulp91,177.9,177.9,0.0,1
2026-06-03,3550,diesel,218.9,217.9,1.0,17
2026-06-03,3451,diesel,225.0,217.9,7.1,1
2026-06-03,3550,ulp91,176.9,177.9,-1.0,17
2026-06-03,3428,diesel,215.9,217.9,-2.0,1
2026-06-03,3428,ulp91,175.9,177.9,-2.0,1
2026-06-03,3424,diesel,269.9,217.9,52.0,1
2026-06-03,3424,ulp91,189.9,177.9,12.0,1
2026-06-03,3423,diesel,221.9,217.9,4.0,1
2026-06-03,3423,ulp95,205.9,193.9,12.0,1
2026-06-03,3423,ulp91,195.9,177.9,18.0,1
2026-06-03,3419,diesel,231.9,217.9,14.0,1
2026-06-03,3419,ulp91,195.9,177.9,18.0,1
2026-06-03,3418,diesel,219.9,217.9,2.0,6
2026-06-03,3418,ulp95,204.9,193.9,11.0,6
2026-06-03,3418,ulp91,194.9,177.9,17.0,6
2026-06-03,3414,diesel,217.9,217.9,0.0,2
2026-06-03,3414,ulp91,178.9,177.9,1.0,2
2026-06-03,3412,diesel,225.9,217.9,8.0,1
2026-06-03,3429,ulp91,173.5,177.9,-4.4,8
2026-06-03,3412,ulp91,185.9,177.9,8.0,1
2026-06-03,3429,ulp95,190.5,193.9,-3.4,8
2026-06-03,3431,ulp91,184.9,177.9,7.0,2
2026-06-03,3444,diesel,219.9,217.9,2.0,5
2026-06-03,3444,ulp95,206.9,193.9,13.0,5
2026-06-03,3444,ulp91,189.9,177.9,12.0,5
2026-06-03,3442,ulp95,202.9,193.9,9.0,2
2026-06-03,3442,ulp91,185.9,177.9,8.0,2
2026-06-03,3440,diesel,228.7,217.9,10.8,1
2026-06-03,3440,ulp91,185.9,177.9,8.0,1
2026-06-03,3437,ulp95,198.9,193.9,5.0,2
2026-06-03,3437,ulp91,185.8,177.9,7.9,2
2026-06-03,3435,diesel,209.5,217.9,-8.4,1
2026-06-03,3435,ulp91,175.5,177.9,-2.4,1
2026-06-03,3434,diesel,210.2,217.9,-7.7,2
2026-06-03,3434,ulp95,194.9,193.9,1.0,2
2026-06-03,3434,ulp91,177.9,177.9,0.0,2
2026-06-03,3431,diesel,218.9,217.9,1.0,2
2026-06-03,3429,diesel,216.9,217.9,-1.0,8
2026-06-03,3447,ulp91,175.9,177.9,-2.0,1
2026-06-03,3408,diesel,219.9,217.9,2.0,1
2026-06-03,3407,diesel,229.9,217.9,12.0,1
2026-06-03,3390,ulp91,181.9,177.9,4.0,1
2026-06-03,3388,diesel,227.9,217.9,10.0,2
2026-06-03,3388,ulp91,196.9,177.9,19.0,2
2026-06-03,3384,diesel,240.4,217.9,22.5,2
2026-06-03,3384,ulp91,200.9,177.9,23.0,2
2026-06-03,3381,diesel,226.9,217.9,9.0,1
2026-06-03,3381,ulp91,181.9,177.9,4.0,1
2026-06-03,3380,diesel,205.9,217.9,-12.0,5
2026-06-03,3380,ulp95,185.9,193.9,-8.0,5
2026-06-03,3380,ulp91,169.9,177.9,-8.0,5
2026-06-03,3379,diesel,217.9,217.9,0.0,1
2026-06-03,3377,diesel,214.1,217.9,-3.8,7
2026-06-03,3377,ulp95,193.9,193.9,0.0,7
2026-06-03,3377,ulp91,174.2,177.9,-3.7,7
2026-06-03,3701,diesel,272.9,217.9,55.0,2
2026-06-03,3390,diesel,225.9,217.9,8.0,1
2026-06-03,3408,ulp91,193.9,177.9,16.0,1
2026-06-03,3391,ulp91,201.1,177.9,23.2,1
2026-06-03,3392,ulp91,189.9,177.9,12.0,1
2026-06-03,3407,ulp91,185.9,177.9,8.0,1
2026-06-03,3401,diesel,219.9,217.9,2.0,2
2026-06-03,3401,ulp95,194.9,193.9,1.0,2
2026-06-03,3401,ulp91,179.9,177.9,2.0,2
2026-06-03,3400,diesel,219.5,217.9,1.6,14
2026-06-03,3400,ulp95,194.9,193.9,1.0,14
2026-06-03,3400,ulp91,177.9,177.9,0.0,14
2026-06-03,3396,diesel,233.4,217.9,15.5,2
2026-06-03,3396,ulp91,185.9,177.9,8.0,2
2026-06-03,3395,diesel,226.4,217.9,8.5,2
2026-06-03,3395,ulp91,201.4,177.9,23.5,2
2026-06-03,3393,diesel,239.9,217.9,22.0,3
2026-06-03,3393,ulp95,205.9,193.9,12.0,3
2026-06-03,3393,ulp91,195.9,177.9,18.0,3
2026-06-03,3392,diesel,219.9,217.9,2.0,1
2026-06-03,3391,diesel,259.0,217.9,41.1,1
2026-06-03,3450,ulp91,189.5,177.9,11.6,4
2026-06-03,3450,ulp95,213.7,193.9,19.8,4
2026-06-03,3450,diesel,246.2,217.9,28.3,4
2026-06-03,3518,diesel,229.9,217.9,12.0,1
2026-06-03,3518,ulp91,192.9,177.9,15.0,1
2026-06-03,3517,diesel,223.9,217.9,6.0,2
2026-06-03,3517,ulp91,189.9,177.9,12.0,2
2026-06-03,3516,ulp91,189.9,177.9,12.0,1
2026-06-03,3515,diesel,226.9,217.9,9.0,1
2026-06-03,3512,diesel,219.9,217.9,2.0,1
2026-06-03,3512,ulp91,189.9,177.9,12.0,1
2026-06-03,3509,diesel,244.9,217.9,27.0,1
2026-06-03,3509,ulp91,210.9,177.9,33.0,1
2026-06-03,3507,diesel,245.9,217.9,28.0,1
2026-06-03,3507,ulp91,210.9,177.9,33.0,1
2026-06-03,3505,diesel,244.9,217.9,27.0,2
2026-06-03,3505,ulp91,193.9,177.9,16.0,2
2026-06-03,3500,diesel,216.4,217.9,-1.5,14
2026-06-03,3523,ulp91,189.9,177.9,12.0,3
2026-06-03,3500,ulp95,194.4,193.9,0.5,14
2026-06-03,3523,ulp95,206.9,193.9,13.0,3
2026-06-03,3525,ulp91,189.9,177.9,12.0,3
2026-06-03,3549,diesel,221.9,217.9,4.0,1
2026-06-03,3549,ulp91,189.9,177.9,12.0,1
2026-06-03,3540,diesel,213.9,217.9,-4.0,1
2026-06-03,3540,ulp91,183.9,177.9,6.0,1
2026-06-03,3537,diesel,229.9,217.9,12.0,1
2026-06-03,3537,ulp95,208.9,193.9,15.0,1
2026-06-03,3537,ulp91,189.9,177.9,12.0,1
2026-06-03,3533,diesel,226.9,217.9,9.0,3
2026-06-03,3533,ulp91,193.9,177.9,16.0,3
2026-06-03,3531,diesel,213.9,217.9,-4.0,1
2026-06-03,3531,ulp91,183.9,177.9,6.0,1
2026-06-03,3527,diesel,229.9,217.9,12.0,1
2026-06-03,3527,ulp91,193.9,177.9,16.0,1
2026-06-03,3525,diesel,222.9,217.9,5.0,3
2026-06-03,3525,ulp95,206.9,193.9,13.0,3
2026-06-03,3523,diesel,209.9,217.9,-8.0,3
2026-06-03,3500,ulp91,179.9,177.9,2.0,14
2026-06-03,3498,diesel,214.4,217.9,-3.5,3
2026-06-03,3498,ulp95,197.4,193.9,3.5,3
2026-06-03,3465,diesel,217.4,217.9,-0.5,5
2026-06-03,3465,ulp95,193.2,193.9,-0.7,5
2026-06-03,3465,ulp91,176.4,177.9,-1.5,5
2026-06-03,3464,diesel,250.9,217.9,33.0,1
2026-06-03,3464,ulp91,225.9,177.9,48.0,1
2026-06-03,3460,diesel,221.1,217.9,3.2,3
2026-06-03,3460,ulp95,194.4,193.9,0.5,3
2026-06-03,3460,ulp91,174.9,177.9,-3.0,3
2026-06-03,3458,diesel,241.9,217.9,24.0,2
2026-06-03,3458,ulp95,215.9,193.9,22.0,2
2026-06-03,3458,ulp91,188.9,177.9,11.0,2
2026-06-03,3453,diesel,224.4,217.9,6.5,2
2026-06-03,3453,ulp95,205.9,193.9,12.0,2
2026-06-03,3453,ulp91,187.9,177.9,10.0,2
2026-06-03,3451,ulp91,199.0,177.9,21.1,1
2026-06-03,3467,ulp91,211.4,177.9,33.5,2
2026-06-03,3467,diesel,269.4,217.9,51.5,2
2026-06-03,3478,ulp91,196.4,177.9,18.5,5
2026-06-03,3478,ulp95,199.9,193.9,6.0,5
2026-06-03,3498,ulp91,183.9,177.9,6.0,3
2026-06-03,3496,diesel,221.9,217.9,4.0,3
2026-06-03,3496,ulp95,259.9,193.9,66.0,3
2026-06-03,3496,ulp91,184.9,177.9,7.0,3
2026-06-03,3490,diesel,215.9,217.9,-2.0,5
2026-06-03,3490,ulp95,197.9,193.9,4.0,5
2026-06-03,3490,ulp91,185.9,177.9,8.0,5
2026-06-03,3550,ulp95,194.4,193.9,0.5,17
2026-06-03,3488,diesel,245.9,217.9,28.0,1
2026-06-03,3485,diesel,213.9,217.9,-4.0,1
2026-06-03,3485,ulp91,183.9,177.9,6.0,1
2026-06-03,3483,diesel,226.9,217.9,9.0,3
2026-06-03,3483,ulp91,217.0,177.9,39.1,3
2026-06-03,3480,diesel,219.9,217.9,2.0,2
2026-06-03,3480,ulp91,185.9,177.9,8.0,2
2026-06-03,3478,diesel,226.9,217.9,9.0,5
2026-06-03,3488,ulp91,210.9,177.9,33.0,1
2026-06-03,3707,ulp91,199.9,177.9,22.0,4
2026-06-03,3851,ulp95,189.9,193.9,-4.0,3
2026-06-03,3709,ulp91,220.0,177.9,42.1,1
2026-06-03,3910,diesel,219.1,217.9,1.2,7
2026-06-03,3910,ulp95,198.9,193.9,5.0,7
2026-06-03,3910,ulp91,181.5,177.9,3.6,7
2026-06-03,3909,diesel,229.9,217.9,12.0,3
2026-06-03,3909,ulp95,193.9,193.9,0.0,3
2026-06-03,3909,ulp91,179.9,177.9,2.0,3
2026-06-03,3903,diesel,219.9,217.9,2.0,1
2026-06-03,3903,ulp91,175.9,177.9,-2.0,1
2026-06-03,3902,ulp95,200.9,193.9,7.0,1
2026-06-03,3902,ulp91,179.9,177.9,2.0,1
2026-06-03,3896,diesel,233.9,217.9,16.0,1
2026-06-03,3896,ulp91,206.9,177.9,29.0,1
2026-06-03,3895,diesel,219.9,217.9,2.0,1
2026-06-03,3895,ulp95,197.9,193.9,4.0,1
2026-06-03,3895,ulp91,179.9,177.9,2.0,1
2026-06-03,3911,ulp91,171.9,177.9,-6.0,7
2026-06-03,3892,diesel,227.9,217.9,10.0,2
2026-06-03,3911,ulp95,185.5,193.9,-8.4,7
2026-06-03,3912,ulp91,180.5,177.9,2.6,4
2026-06-03,3922,ulp95,200.9,193.9,7.0,3
2026-06-03,3922,ulp91,184.4,177.9,6.5,3
2026-06-03,3919,diesel,209.9,217.9,-8.0,1
2026-06-03,3919,ulp91,173.5,177.9,-4.4,1
2026-06-03,3918,diesel,264.9,217.9,47.0,1
2026-06-03,3918,ulp95,218.9,193.9,25.0,1
2026-06-03,3918,ulp91,189.9,177.9,12.0,1
2026-06-03,3915,diesel,209.9,217.9,-8.0,6
2026-06-03,3915,ulp95,192.4,193.9,-1.5,6
2026-06-03,3915,ulp91,174.9,177.9,-3.0,6
2026-06-03,3913,diesel,208.5,217.9,-9.4,1
2026-06-03,3913,ulp95,199.5,193.9,5.6,1
2026-06-03,3913,ulp91,177.5,177.9,-0.4,1
2026-06-03,3912,diesel,215.5,217.9,-2.4,4
2026-06-03,3912,ulp95,197.9,193.9,4.0,4
2026-06-03,3911,diesel,216.9,217.9,-1.0,7
2026-06-03,3922,diesel,229.9,217.9,12.0,3
2026-06-03,3892,ulp91,188.9,177.9,11.0,2
2026-06-03,3890,ulp95,193.9,193.9,0.0,3
2026-06-03,3871,diesel,229.9,217.9,12.0,1
2026-06-03,3871,ulp95,205.9,193.9,12.0,1
2026-06-03,3871,ulp91,187.9,177.9,10.0,1
2026-06-03,3869,ulp91,181.9,177.9,4.0,1
2026-06-03,3862,diesel,225.9,217.9,8.0,1
2026-06-03,3862,ulp95,197.9,193.9,4.0,1
2026-06-03,3862,ulp91,179.9,177.9,2.0,1
2026-06-03,3860,diesel,227.7,217.9,9.8,5
2026-06-03,3860,ulp95,211.9,193.9,18.0,5
2026-06-03,3860,ulp91,193.0,177.9,15.1,5
2026-06-03,3859,diesel,220.9,217.9,3.0,1
2026-06-03,3859,ulp91,195.9,177.9,18.0,1
2026-06-03,3858,diesel,210.9,217.9,-7.0,2
2026-06-03,3858,ulp95,195.9,193.9,2.0,2
2026-06-03,3858,ulp91,183.9,177.9,6.0,2
2026-06-03,3874,ulp91,187.9,177.9,10.0,1
2026-06-03,3890,diesel,229.9,217.9,12.0,3
2026-06-03,3874,diesel,229.9,217.9,12.0,1
2026-06-03,3875,ulp95,189.9,193.9,-4.0,10
2026-06-03,3890,ulp91,179.9,177.9,2.0,3
2026-06-03,3888,diesel,242.9,217.9,25.0,2
2026-06-03,3888,ulp95,208.9,193.9,15.0,2
2026-06-03,3888,ulp91,190.9,177.9,13.0,2
2026-06-03,3886,diesel,229.9,217.9,12.0,1
2026-06-03,3886,ulp95,207.9,193.9,14.0,1
2026-06-03,3886,ulp91,189.9,177.9,12.0,1
2026-06-03,3885,diesel,234.9,217.9,17.0,1
2026-06-03,3885,ulp91,185.9,177.9,8.0,1
2026-06-03,3883,diesel,228.9,217.9,11.0,1
2026-06-03,3883,ulp95,199.9,193.9,6.0,1
2026-06-03,3883,ulp91,185.9,177.9,8.0,1
2026-06-03,3880,diesel,223.9,217.9,6.0,1
2026-06-03,3880,ulp91,177.9,177.9,0.0,1
2026-06-03,3875,diesel,221.1,217.9,3.2,10
2026-06-03,3875,ulp91,178.4,177.9,0.5,10
2026-06-03,3925,ulp91,183.9,177.9,6.0,1
2026-06-03,3925,ulp95,197.9,193.9,4.0,1
2026-06-03,3925,diesel,228.9,217.9,11.0,1
2026-06-03,3977,ulp95,191.0,193.9,-2.9,23
2026-06-03,3977,ulp91,173.5,177.9,-4.4,23
2026-06-03,3976,diesel,218.4,217.9,0.5,5
2026-06-03,3976,ulp95,203.4,193.9,9.5,5
2026-06-03,3976,ulp91,183.9,177.9,6.0,5
2026-06-03,3975,diesel,199.9,217.9,-18.0,5
2026-06-03,3975,ulp95,193.4,193.9,-0.5,5
2026-06-03,3975,ulp91,171.9,177.9,-6.0,5
2026-06-03,3971,diesel,227.9,217.9,10.0,4
2026-06-03,3971,ulp95,203.9,193.9,10.0,4
2026-06-03,3971,ulp91,187.4,177.9,9.5,4
2026-06-03,3966,diesel,229.9,217.9,12.0,1
2026-06-03,3966,ulp91,187.9,177.9,10.0,1
2026-06-03,3962,diesel,229.9,217.9,12.0,1
2026-06-03,3962,ulp95,205.9,193.9,12.0,1
2026-06-03,3977,diesel,216.9,217.9,-1.0,23
2026-06-03,3962,ulp91,187.9,177.9,10.0,1
2026-06-03,3978,ulp91,174.9,177.9,-3.0,5
2026-06-03,3978,diesel,218.0,217.9,0.1,5
2026-06-03,3373,diesel,205.9,217.9,-12.0,2
2026-06-03,3995,diesel,227.4,217.9,9.5,6
2026-06-03,3995,ulp95,196.7,193.9,2.8,6
2026-06-03,3995,ulp91,183.9,177.9,6.0,6
2026-06-03,3991,diesel,228.9,217.9,11.0,1
2026-06-03,3991,ulp95,200.9,193.9,7.0,1
2026-06-03,3991,ulp91,183.9,177.9,6.0,1
2026-06-03,3984,diesel,218.4,217.9,0.5,3
2026-06-03,3984,ulp95,197.0,193.9,3.1,3
2026-06-03,3984,ulp91,179.9,177.9,2.0,3
2026-06-03,3981,diesel,221.9,217.9,4.0,1
2026-06-03,3981,ulp91,178.9,177.9,1.0,1
2026-06-03,3980,diesel,218.9,217.9,1.0,1
2026-06-03,3980,ulp95,189.9,193.9,-4.0,1
2026-06-03,3980,ulp91,175.9,177.9,-2.0,1
2026-06-03,3978,ulp95,191.0,193.9,-2.9,5
2026-06-03,3960,diesel,232.0,217.9,14.1,2
2026-06-03,3960,ulp95,208.9,193.9,15.0,2
2026-06-03,3960,ulp91,188.4,177.9,10.5,2
2026-06-03,3937,diesel,215.9,217.9,-2.0,1
2026-06-03,3937,ulp91,173.5,177.9,-4.4,1
2026-06-03,3936,ulp95,185.5,193.9,-8.4,2
2026-06-03,3936,ulp91,174.2,177.9,-3.7,2
2026-06-03,3935,ulp95,196.9,193.9,3.0,1
2026-06-03,3935,ulp91,179.9,177.9,2.0,1
2026-06-03,3933,diesel,209.5,217.9,-8.4,2
2026-06-03,3933,ulp95,186.0,193.9,-7.9,2
2026-06-03,3933,ulp91,168.0,177.9,-9.9,2
2026-06-03,3931,diesel,216.9,217.9,-1.0,8
2026-06-03,3931,ulp95,197.0,193.9,3.1,8
2026-06-03,3931,ulp91,180.2,177.9,2.3,8
2026-06-03,3930,ulp95,185.5,193.9,-8.4,1
2026-06-03,3930,ulp91,173.5,177.9,-4.4,1
2026-06-03,3926,ulp91,184.9,177.9,7.0,1
2026-06-03,3939,ulp91,189.9,177.9,12.0,5
2026-06-03,3939,ulp95,205.9,193.9,12.0,5
2026-06-03,3939,diesel,228.7,217.9,10.8,5
2026-06-03,3941,ulp91,179.9,177.9,2.0,3
2026-06-03,3959,diesel,229.4,217.9,11.5,2
2026-06-03,3959,ulp91,186.4,177.9,8.5,2
2026-06-03,3956,diesel,244.9,217.9,27.0,3
2026-06-03,3956,ulp91,188.0,177.9,10.1,3
2026-06-03,3953,diesel,227.9,217.9,10.0,6
2026-06-03,3953,ulp95,203.9,193.9,10.0,6
2026-06-03,3953,ulp91,185.9,177.9,8.0,6
2026-06-03,3856,diesel,219.9,217.9,2.0,1
2026-06-03,3950,diesel,225.9,217.9,8.0,2
2026-06-03,3950,ulp91,184.4,177.9,6.5,2
2026-06-03,3945,diesel,213.0,217.9,-4.9,1
2026-06-03,3945,ulp91,188.0,177.9,10.1,1
2026-06-03,3942,diesel,215.9,217.9,-2.0,1
2026-06-03,3942,ulp91,179.9,177.9,2.0,1
2026-06-03,3941,diesel,215.9,217.9,-2.0,3
2026-06-03,3941,ulp95,196.9,193.9,3.0,3
2026-06-03,3950,ulp95,203.4,193.9,9.5,2
2026-06-03,3707,diesel,239.4,217.9,21.5,4
2026-06-03,3856,ulp95,239.9,193.9,46.0,1
2026-06-03,3851,diesel,234.9,217.9,17.0,3
2026-06-03,3757,diesel,218.9,217.9,1.0,2
2026-06-03,3757,ulp95,195.2,193.9,1.3,2
2026-06-03,3757,ulp91,179.7,177.9,1.8,2
2026-06-03,3756,diesel,214.9,217.9,-3.0,9
2026-06-03,3756,ulp95,191.7,193.9,-2.2,9
2026-06-03,3756,ulp91,183.9,177.9,6.0,9
2026-06-03,3754,diesel,218.9,217.9,1.0,5
2026-06-03,3754,ulp95,196.4,193.9,2.5,5
2026-06-03,3754,ulp91,179.9,177.9,2.0,5
2026-06-03,3752,diesel,216.9,217.9,-1.0,5
2026-06-03,3752,ulp95,196.9,193.9,3.0,5
2026-06-03,3752,ulp91,177.9,177.9,0.0,5
2026-06-03,3750,ulp95,202.9,193.9,9.0,4
2026-06-03,3750,ulp91,186.9,177.9,9.0,4
2026-06-03,3749,diesel,221.9,217.9,4.0,1
2026-06-03,3763,ulp91,179.5,177.9,1.6,1
2026-06-03,3749,ulp91,194.9,177.9,17.0,1
2026-06-03,3763,ulp95,193.5,193.9,-0.4,1
2026-06-03,3764,ulp91,175.2,177.9,-2.7,4
2026-06-03,3782,ulp95,197.0,193.9,3.1,2
2026-06-03,3782,ulp91,182.6,177.9,4.7,2
2026-06-03,3779,diesel,334.9,217.9,117.0,1
2026-06-03,3779,ulp91,259.9,177.9,82.0,1
2026-06-03,3778,ulp91,185.9,177.9,8.0,1
2026-06-03,3777,diesel,216.9,217.9,-1.0,4
2026-06-03,3777,ulp95,197.0,193.9,3.1,4
2026-06-03,3777,ulp91,180.7,177.9,2.8,4
2026-06-03,3775,diesel,228.9,217.9,11.0,2
2026-06-03,3775,ulp95,199.9,193.9,6.0,2
2026-06-03,3775,ulp91,185.9,177.9,8.0,2
2026-06-03,3765,diesel,214.9,217.9,-3.0,1
2026-06-03,3765,ulp91,175.5,177.9,-2.4,1
2026-06-03,3764,diesel,214.2,217.9,-3.7,4
2026-06-03,3764,ulp95,194.4,193.9,0.5,4
2026-06-03,3763,diesel,218.9,217.9,1.0,1
2026-06-03,3782,diesel,223.3,217.9,5.4,2
2026-06-03,3747,diesel,219.9,217.9,2.0,1
2026-06-03,3742,diesel,229.9,217.9,12.0,1
2026-06-03,3719,ulp91,193.9,177.9,16.0,1
2026-06-03,3717,diesel,235.9,217.9,18.0,3
2026-06-03,3717,ulp95,207.9,193.9,14.0,3
2026-06-03,3717,ulp91,195.9,177.9,18.0,3
2026-06-03,3715,diesel,229.9,217.9,12.0,1
2026-06-03,3715,ulp91,189.9,177.9,12.0,1
2026-06-03,3714,diesel,227.9,217.9,10.0,2
2026-06-03,3714,ulp91,189.9,177.9,12.0,2
2026-06-03,3713,diesel,329.9,217.9,112.0,2
2026-06-03,3713,ulp91,224.9,177.9,47.0,2
2026-06-03,3712,diesel,222.7,217.9,4.8,1
2026-06-03,3712,ulp91,187.7,177.9,9.8,1
2026-06-03,3711,diesel,232.9,217.9,15.0,1
2026-06-03,3711,ulp91,189.9,177.9,12.0,1
2026-06-03,3709,diesel,258.0,217.9,40.1,1
2026-06-03,3720,ulp91,195.4,177.9,17.5,2
2026-06-03,3747,ulp91,179.9,177.9,2.0,1
2026-06-03,3720,diesel,255.9,217.9,38.0,2
2026-06-03,3722,ulp95,216.9,193.9,23.0,3
2026-06-03,3742,ulp91,189.9,177.9,12.0,1
2026-06-03,3741,diesel,213.9,217.9,-4.0,3
2026-06-03,3741,ulp91,179.9,177.9,2.0,3
2026-06-03,3740,diesel,219.9,217.9,2.0,1
2026-06-03,3740,ulp91,183.9,177.9,6.0,1
2026-06-03,3737,diesel,215.5,217.9,-2.4,3
2026-06-03,3737,ulp91,179.5,177.9,1.6,3
2026-06-03,3733,diesel,239.9,217.9,22.0,1
2026-06-03,3733,ulp91,202.9,177.9,25.0,1
2026-06-03,3730,diesel,242.4,217.9,24.5,5
2026-06-03,3730,ulp95,205.9,193.9,12.0,5
2026-06-03,3730,ulp91,188.9,177.9,11.0,5
2026-06-03,3728,diesel,226.9,217.9,9.0,1
2026-06-03,3723,ulp91,275.9,177.9,98.0,1
2026-06-03,3722,diesel,226.9,217.9,9.0,3
2026-06-03,3722,ulp91,199.9,177.9,22.0,3
2026-06-03,3783,ulp91,181.9,177.9,4.0,1
2026-06-03,3785,ulp91,179.9,177.9,2.0,1
2026-06-03,3793,ulp91,181.9,177.9,4.0,1
2026-06-03,3831,ulp91,177.0,177.9,-0.9,1
2026-06-03,3825,diesel,205.9,217.9,-12.0,8
2026-06-03,3825,ulp95,190.4,193.9,-3.5,8
2026-06-03,3825,ulp91,169.3,177.9,-8.6,8
2026-06-03,3824,diesel,217.9,217.9,0.0,3
2026-06-03,3824,ulp91,172.9,177.9,-5.0,3
2026-06-03,3823,diesel,217.9,217.9,0.0,1
2026-06-03,3823,ulp95,185.9,193.9,-8.0,1
2026-06-03,3823,ulp91,171.9,177.9,-6.0,1
2026-06-03,3822,diesel,223.9,217.9,6.0,1
2026-06-03,3822,ulp95,203.9,193.9,10.0,1
2026-06-03,3822,ulp91,179.9,177.9,2.0,1
2026-06-03,3820,diesel,216.4,217.9,-1.5,8
2026-06-03,3820,ulp95,195.2,193.9,1.3,8
2026-06-03,3820,ulp91,173.3,177.9,-4.6,8
2026-06-03,3831,diesel,219.0,217.9,1.1,1
2026-06-03,3818,diesel,216.9,217.9,-1.0,2
2026-06-03,3832,ulp91,189.9,177.9,12.0,1
2026-06-03,3832,diesel,225.9,217.9,8.0,1
2026-06-03,3851,ulp91,189.9,177.9,12.0,3
2026-06-03,3850,diesel,222.6,217.9,4.7,8
2026-06-03,3850,ulp95,197.9,193.9,4.0,8
2026-06-03,3850,ulp91,179.9,177.9,2.0,8
2026-06-03,3847,diesel,227.9,217.9,10.0,1
2026-06-03,3847,ulp95,205.9,193.9,12.0,1
2026-06-03,3847,ulp91,185.9,177.9,8.0,1
2026-06-03,3844,diesel,215.5,217.9,-2.4,15
2026-06-03,3844,ulp95,189.9,193.9,-4.0,15
2026-06-03,3844,ulp91,173.9,177.9,-4.0,15
2026-06-03,3842,diesel,215.9,217.9,-2.0,1
2026-06-03,3842,ulp91,175.9,177.9,-2.0,1
2026-06-03,3840,diesel,217.9,217.9,0.0,7
2026-06-03,3840,ulp95,194.2,193.9,0.3,7
2026-06-03,3840,ulp91,175.9,177.9,-2.0,7
2026-06-03,3832,ulp95,219.9,193.9,26.0,1
2026-06-03,3818,ulp95,187.9,193.9,-6.0,2
2026-06-03,3818,ulp91,173.9,177.9,-4.0,2
2026-06-03,3816,diesel,216.9,217.9,-1.0,2
2026-06-03,3803,diesel,215.9,217.9,-2.0,4
2026-06-03,3803,ulp95,190.9,193.9,-3.0,4
2026-06-03,3803,ulp91,173.7,177.9,-4.2,4
2026-06-03,3802,diesel,211.7,217.9,-6.2,4
2026-06-03,3802,ulp95,190.9,193.9,-3.0,4
2026-06-03,3802,ulp91,172.9,177.9,-5.0,4
2026-06-03,3799,diesel,229.9,217.9,12.0,1
2026-06-03,3799,ulp91,182.9,177.9,5.0,1
2026-06-03,3797,diesel,212.9,217.9,-5.0,1
2026-06-03,3797,ulp95,192.9,193.9,-1.0,1
2026-06-03,3797,ulp91,173.9,177.9,-4.0,1
2026-06-03,3796,diesel,213.9,217.9,-4.0,1
2026-06-03,3796,ulp91,175.5,177.9,-2.4,1
2026-06-03,3795,ulp91,187.9,177.9,10.0,1
2026-06-03,3793,ulp95,198.9,193.9,5.0,1
2026-06-03,3804,ulp91,173.5,177.9,-4.4,2
2026-06-03,3804,diesel,214.5,217.9,-3.4,2
2026-06-03,3805,ulp91,175.4,177.9,-2.5,8
2026-06-03,3805,ulp95,191.0,193.9,-2.9,8
2026-06-03,3816,ulp95,190.9,193.9,-3.0,2
2026-06-03,3816,ulp91,173.9,177.9,-4.0,2
2026-06-03,3812,ulp91,172.9,177.9,-5.0,1
2026-06-03,3810,diesel,215.9,217.9,-2.0,13
2026-06-03,3810,ulp95,189.9,193.9,-4.0,13
2026-06-03,3810,ulp91,173.7,177.9,-4.2,13
2026-06-03,3809,diesel,216.9,217.9,-1.0,8
2026-06-03,3856,ulp91,186.9,177.9,9.0,1
2026-06-03,3809,ulp95,185.4,193.9,-8.5,8
2026-06-03,3807,diesel,210.9,217.9,-7.0,2
2026-06-03,3807,ulp95,189.9,193.9,-4.0,2
2026-06-03,3807,ulp91,173.2,177.9,-4.7,2
2026-06-03,3806,diesel,217.9,217.9,0.0,4
2026-06-03,3806,ulp95,197.9,193.9,4.0,4
2026-06-03,3806,ulp91,179.7,177.9,1.8,4
2026-06-03,3805,diesel,219.1,217.9,1.2,8
2026-06-03,3809,ulp91,170.9,177.9,-7.0,8
2026-06-03,3373,ulp95,194.9,193.9,1.0,2
2026-06-03,3001,ulp91,185.9,177.9,8.0,1
2026-06-03,3370,diesel,219.9,217.9,2.0,1
2026-06-03,3102,ulp95,185.5,193.9,-8.4,1
2026-06-03,3102,ulp91,173.5,177.9,-4.4,1
2026-06-03,3101,diesel,215.3,217.9,-2.6,4
2026-06-03,3101,ulp95,191.9,193.9,-2.0,4
2026-06-03,3101,ulp91,177.2,177.9,-0.7,4
2026-06-03,3095,diesel,215.9,217.9,-2.0,7
2026-06-03,3095,ulp95,190.9,193.9,-3.0,7
2026-06-03,3095,ulp91,173.9,177.9,-4.0,7
2026-06-03,3094,diesel,219.3,217.9,1.4,2
2026-06-03,3094,ulp95,191.3,193.9,-2.6,2
2026-06-03,3094,ulp91,177.6,177.9,-0.3,2
2026-06-03,3090,diesel,221.9,217.9,4.0,1
2026-06-03,3090,ulp95,193.9,193.9,0.0,1
2026-06-03,3090,ulp91,177.9,177.9,0.0,1
2026-06-03,3089,diesel,215.9,217.9,-2.0,3
2026-06-03,3103,ulp91,179.5,177.9,1.6,3
2026-06-03,3089,ulp95,193.9,193.9,0.0,3
2026-06-03,3103,ulp95,197.0,193.9,3.1,3
2026-06-03,3105,ulp91,173.7,177.9,-4.2,3
2026-06-03,3111,ulp91,175.9,177.9,-2.0,1
2026-06-03,3109,diesel,215.3,217.9,-2.6,5
2026-06-03,3109,ulp95,192.4,193.9,-1.5,5
2026-06-03,3109,ulp91,173.9,177.9,-4.0,5
2026-06-03,3108,diesel,215.1,217.9,-2.8,2
2026-06-03,3108,ulp95,191.0,193.9,-2.9,2
2026-06-03,3108,ulp91,173.5,177.9,-4.4,2
2026-06-03,3107,diesel,219.1,217.9,1.2,3
2026-06-03,3107,ulp95,196.9,193.9,3.0,3
2026-06-03,3107,ulp91,179.5,177.9,1.6,3
2026-06-03,3106,diesel,216.9,217.9,-1.0,2
2026-06-03,3106,ulp95,191.0,193.9,-2.9,2
2026-06-03,3106,ulp91,173.5,177.9,-4.4,2
2026-06-03,3105,diesel,212.9,217.9,-5.0,3
2026-06-03,3105,ulp95,193.6,193.9,-0.3,3
2026-06-03,3103,diesel,218.9,217.9,1.0,3
2026-06-03,3111,ulp95,192.9,193.9,-1.0,1
2026-06-03,3089,ulp91,176.9,177.9,-1.0,3
2026-06-03,3088,ulp95,190.9,193.9,-3.0,2
2026-06-03,3079,ulp91,199.9,177.9,22.0,1
2026-06-03,3078,diesel,218.5,217.9,0.6,5
2026-06-03,3078,ulp95,190.9,193.9,-3.0,5
2026-06-03,3078,ulp91,173.9,177.9,-4.0,5
2026-06-03,3076,diesel,216.9,217.9,-1.0,16
2026-06-03,3076,ulp95,197.0,193.9,3.1,16
2026-06-03,3076,ulp91,179.7,177.9,1.8,16
2026-06-03,3074,diesel,212.9,217.9,-5.0,9
2026-06-03,3074,ulp95,181.9,193.9,-12.0,9
2026-06-03,3074,ulp91,169.9,177.9,-8.0,9
2026-06-03,3073,diesel,205.9,217.9,-12.0,8
2026-06-03,3073,ulp95,184.9,193.9,-9.0,8
2026-06-03,3073,ulp91,167.4,177.9,-10.5,8
2026-06-03,3072,diesel,216.1,217.9,-1.8,11
2026-06-03,3072,ulp95,187.5,193.9,-6.4,11
2026-06-03,3079,ulp95,225.9,193.9,32.0,1
2026-06-03,3088,diesel,215.9,217.9,-2.0,2
2026-06-03,3079,diesel,265.9,217.9,48.0,1
2026-06-03,3081,ulp95,183.0,193.9,-10.9,2
2026-06-03,3088,ulp91,173.9,177.9,-4.0,2
2026-06-03,3087,ulp95,190.9,193.9,-3.0,1
2026-06-03,3087,ulp91,173.9,177.9,-4.0,1
2026-06-03,3085,ulp95,190.9,193.9,-3.0,1
2026-06-03,3085,ulp91,173.9,177.9,-4.0,1
2026-06-03,3084,diesel,215.3,217.9,-2.6,2
2026-06-03,3084,ulp95,187.4,193.9,-6.5,2
2026-06-03,3084,ulp91,173.9,177.9,-4.0,2
2026-06-03,3083,diesel,206.1,217.9,-11.8,5
2026-06-03,3083,ulp95,180.5,193.9,-13.4,5
2026-06-03,3083,ulp91,165.5,177.9,-12.4,5
2026-06-03,3082,diesel,219.1,217.9,1.2,5
2026-06-03,3082,ulp95,192.9,193.9,-1.0,5
2026-06-03,3082,ulp91,173.9,177.9,-4.0,5
2026-06-03,3081,diesel,214.7,217.9,-3.2,2
2026-06-03,3081,ulp91,171.5,177.9,-6.4,2
2026-06-03,3114,ulp91,177.7,177.9,-0.2,1
2026-06-03,3114,ulp95,193.7,193.9,-0.2,1
2026-06-03,3114,diesel,215.7,217.9,-2.2,1
2026-06-03,3139,diesel,208.9,217.9,-9.0,6
2026-06-03,3139,ulp95,196.9,193.9,3.0,6
2026-06-03,3139,ulp91,179.9,177.9,2.0,6
2026-06-03,3138,diesel,213.4,217.9,-4.5,3
2026-06-03,3138,ulp95,191.0,193.9,-2.9,3
2026-06-03,3138,ulp91,173.5,177.9,-4.4,3
2026-06-03,3137,diesel,218.9,217.9,1.0,5
2026-06-03,3137,ulp95,192.9,193.9,-1.0,5
2026-06-03,3137,ulp91,175.9,177.9,-2.0,5
2026-06-03,3136,diesel,215.3,217.9,-2.6,6
2026-06-03,3136,ulp95,191.0,193.9,-2.9,6
2026-06-03,3136,ulp91,176.2,177.9,-1.7,6
2026-06-03,3135,diesel,219.1,217.9,1.2,3
2026-06-03,3135,ulp95,197.0,193.9,3.1,3
2026-06-03,3135,ulp91,175.5,177.9,-2.4,3
2026-06-03,3140,ulp91,175.7,177.9,-2.2,6
2026-06-03,3134,diesel,219.1,217.9,1.2,8
2026-06-03,3140,ulp95,191.0,193.9,-2.9,6
2026-06-03,3141,ulp91,177.2,177.9,-0.7,2
2026-06-03,3149,ulp91,173.9,177.9,-4.0,7
2026-06-03,3148,ulp95,185.5,193.9,-8.4,3
2026-06-03,3148,ulp91,173.5,177.9,-4.4,3
2026-06-03,3147,diesel,215.3,217.9,-2.6,2
2026-06-03,3147,ulp95,191.0,193.9,-2.9,2
2026-06-03,3147,ulp91,173.7,177.9,-4.2,2
2026-06-03,3146,ulp95,185.5,193.9,-8.4,1
2026-06-03,3146,ulp91,173.5,177.9,-4.4,1
2026-06-03,3145,diesel,215.7,217.9,-2.2,3
2026-06-03,3145,ulp95,190.9,193.9,-3.0,3
2026-06-03,3145,ulp91,173.9,177.9,-4.0,3
2026-06-03,3144,diesel,219.1,217.9,1.2,3
2026-06-03,3144,ulp95,202.9,193.9,9.0,3
2026-06-03,3144,ulp91,179.5,177.9,1.6,3
2026-06-03,3141,diesel,215.3,217.9,-2.6,2
2026-06-03,3140,diesel,216.4,217.9,-1.5,6
2026-06-03,3134,ulp95,197.0,193.9,3.1,8
2026-06-03,3134,ulp91,179.5,177.9,1.6,8
2026-06-03,3133,diesel,216.9,217.9,-1.0,5
2026-06-03,3124,ulp95,193.9,193.9,0.0,3
2026-06-03,3124,ulp91,177.9,177.9,0.0,3
2026-06-03,3123,ulp95,196.5,193.9,2.6,3
2026-06-03,3123,ulp91,179.5,177.9,1.6,3
2026-06-03,3122,diesel,239.9,217.9,22.0,5
2026-06-03,3122,ulp95,197.9,193.9,4.0,5
2026-06-03,3122,ulp91,181.9,177.9,4.0,5
2026-06-03,3121,diesel,222.6,217.9,4.7,5
2026-06-03,3121,ulp95,185.5,193.9,-8.4,5
2026-06-03,3121,ulp91,173.5,177.9,-4.4,5
2026-06-03,3116,diesel,216.9,217.9,-1.0,4
2026-06-03,3116,ulp95,199.9,193.9,6.0,4
2026-06-03,3116,ulp91,175.5,177.9,-2.4,4
2026-06-03,3115,diesel,269.9,217.9,52.0,1
2026-06-03,3115,ulp91,199.9,177.9,22.0,1
2026-06-03,3125,ulp91,173.5,177.9,-4.4,4
2026-06-03,3125,ulp95,185.5,193.9,-8.4,4
2026-06-03,3125,diesel,212.7,217.9,-5.2,4
2026-06-03,3127,ulp91,176.7,177.9,-1.2,2
2026-06-03,3133,ulp95,195.9,193.9,2.0,5
2026-06-03,3133,ulp91,179.9,177.9,2.0,5
2026-06-03,3132,diesel,219.9,217.9,2.0,3
2026-06-03,3132,ulp95,191.9,193.9,-2.0,3
2026-06-03,3132,ulp91,177.9,177.9,0.0,3
2026-06-03,3131,diesel,216.9,217.9,-1.0,5
2026-06-03,3131,ulp95,197.0,193.9,3.1,5
2026-06-03,3072,ulp91,173.5,177.9,-4.4,11
2026-06-03,3131,ulp91,179.5,177.9,1.6,5
2026-06-03,3130,ulp95,196.3,193.9,2.4,6
2026-06-03,3130,ulp91,179.5,177.9,1.6,6
2026-06-03,3128,diesel,215.3,217.9,-2.6,2
2026-06-03,3128,ulp95,186.5,193.9,-7.4,2
2026-06-03,3128,ulp91,173.5,177.9,-4.4,2
2026-06-03,3127,diesel,215.3,217.9,-2.6,2
2026-06-03,3127,ulp95,196.9,193.9,3.0,2
2026-06-03,3130,diesel,216.9,217.9,-1.0,6
2026-06-03,3149,ulp95,190.9,193.9,-3.0,7
2026-06-03,3071,diesel,219.9,217.9,2.0,3
2026-06-03,3071,ulp91,179.9,177.9,2.0,3
2026-06-03,3030,ulp91,177.9,177.9,0.0,16
2026-06-03,3029,diesel,212.9,217.9,-5.0,33
2026-06-03,3029,ulp95,192.9,193.9,-1.0,33
2026-06-03,3029,ulp91,173.4,177.9,-4.5,33
2026-06-03,3028,diesel,219.1,217.9,1.2,6
2026-06-03,3028,ulp95,196.9,193.9,3.0,6
2026-06-03,3028,ulp91,179.5,177.9,1.6,6
2026-06-03,3027,ulp95,196.9,193.9,3.0,1
2026-06-03,3027,ulp91,181.9,177.9,4.0,1
2026-06-03,3026,diesel,206.9,217.9,-11.0,16
2026-06-03,3026,ulp95,189.9,193.9,-4.0,16
2026-06-03,3026,ulp91,176.9,177.9,-1.0,16
2026-06-03,3025,diesel,201.5,217.9,-16.4,7
2026-06-03,3025,ulp95,184.6,193.9,-9.3,7
2026-06-03,3025,ulp91,167.1,177.9,-10.8,7
2026-06-03,3030,ulp95,194.9,193.9,1.0,16
2026-06-03,3024,ulp95,201.4,193.9,7.5,2
2026-06-03,3030,diesel,217.2,217.9,-0.7,16
2026-06-03,3031,ulp95,191.0,193.9,-2.9,3
2026-06-03,3037,diesel,216.2,217.9,-1.7,7
2026-06-03,3037,ulp95,187.7,193.9,-6.2,7
2026-06-03,3037,ulp91,173.5,177.9,-4.4,7
2026-06-03,3036,diesel,218.0,217.9,0.1,3
2026-06-03,3036,ulp95,191.2,193.9,-2.7,3
2026-06-03,3036,ulp91,176.5,177.9,-1.4,3
2026-06-03,3034,ulp95,198.9,193.9,5.0,1
2026-06-03,3034,ulp91,181.9,177.9,4.0,1
2026-06-03,3033,diesel,216.9,217.9,-1.0,2
2026-06-03,3033,ulp95,196.9,193.9,3.0,2
2026-06-03,3033,ulp91,179.7,177.9,1.8,2
2026-06-03,3032,diesel,199.9,217.9,-18.0,7
2026-06-03,3032,ulp95,192.9,193.9,-1.0,7
2026-06-03,3032,ulp91,173.9,177.9,-4.0,7
2026-06-03,3031,diesel,207.5,217.9,-10.4,3
2026-06-03,3031,ulp91,175.5,177.9,-2.4,3
2026-06-03,3038,ulp91,175.9,177.9,-2.0,5
2026-06-03,3024,ulp91,185.9,177.9,8.0,2
2026-06-03,3023,ulp95,186.9,193.9,-7.0,9
2026-06-03,3015,ulp91,174.9,177.9,-3.0,5
2026-06-03,3013,diesel,206.7,217.9,-11.2,4
2026-06-03,3013,ulp95,186.3,193.9,-7.6,4
2026-06-03,3013,ulp91,171.7,177.9,-6.2,4
2026-06-03,3012,diesel,202.9,217.9,-15.0,12
2026-06-03,3012,ulp95,188.9,193.9,-5.0,12
2026-06-03,3012,ulp91,171.4,177.9,-6.5,12
2026-06-03,3011,diesel,209.9,217.9,-8.0,4
2026-06-03,3011,ulp95,191.0,193.9,-2.9,4
2026-06-03,3011,ulp91,175.9,177.9,-2.0,4
2026-06-03,3002,diesel,215.3,217.9,-2.6,1
2026-06-03,3002,ulp95,191.0,193.9,-2.9,1
2026-06-03,3002,ulp91,173.5,177.9,-4.4,1
2026-06-03,3001,ulp95,202.9,193.9,9.0,1
2026-06-03,3996,ulp91,185.9,177.9,8.0,1
2026-06-03,3015,ulp95,194.9,193.9,1.0,5
2026-06-03,3023,diesel,210.6,217.9,-7.3,9
2026-06-03,3016,ulp91,176.9,177.9,-1.0,4
2026-06-03,3018,ulp91,169.5,177.9,-8.4,4
2026-06-03,3023,ulp91,171.9,177.9,-6.0,9
2026-06-03,3022,diesel,214.3,217.9,-3.6,3
2026-06-03,3022,ulp95,196.8,193.9,2.9,3
2026-06-03,3022,ulp91,179.5,177.9,1.6,3
2026-06-03,3021,diesel,216.9,217.9,-1.0,11
2026-06-03,3021,ulp95,192.9,193.9,-1.0,11
2026-06-03,3021,ulp91,175.9,177.9,-2.0,11
2026-06-03,3020,diesel,209.7,217.9,-8.2,10
2026-06-03,3020,ulp95,192.9,193.9,-1.0,10
2026-06-03,3020,ulp91,172.7,177.9,-5.2,10
2026-06-03,3019,diesel,194.9,217.9,-23.0,3
2026-06-03,3019,ulp95,193.4,193.9,-0.5,3
2026-06-03,3019,ulp91,171.9,177.9,-6.0,3
2026-06-03,3018,diesel,199.5,217.9,-18.4,4
2026-06-03,3018,ulp95,188.5,193.9,-5.4,4
2026-06-03,3016,ulp95,193.9,193.9,0.0,4
2026-06-03,3038,ulp95,194.4,193.9,0.5,5
2026-06-03,3038,diesel,217.3,217.9,-0.6,5
2026-06-03,3039,ulp91,179.9,177.9,2.0,5
2026-06-03,3061,diesel,211.5,217.9,-6.4,7
2026-06-03,3061,ulp95,196.9,193.9,3.0,7
2026-06-03,3061,ulp91,179.9,177.9,2.0,7
2026-06-03,3060,diesel,215.3,217.9,-2.6,3
2026-06-03,3060,ulp95,191.0,193.9,-2.9,3
2026-06-03,3060,ulp91,174.7,177.9,-3.2,3
2026-06-03,3059,diesel,212.5,217.9,-5.4,5
2026-06-03,3059,ulp95,191.9,193.9,-2.0,5
2026-06-03,3059,ulp91,174.9,177.9,-3.0,5
2026-06-03,3058,diesel,213.2,217.9,-4.7,8
2026-06-03,3058,ulp95,190.7,193.9,-3.2,8
2026-06-03,3058,ulp91,173.3,177.9,-4.6,8
2026-06-03,3057,diesel,218.0,217.9,0.1,2
2026-06-03,3057,ulp95,197.0,193.9,3.1,2
2026-06-03,3057,ulp91,179.5,177.9,1.6,2
2026-06-03,3062,ulp91,179.9,177.9,2.0,2
2026-06-03,3056,diesel,207.9,217.9,-10.0,1
2026-06-03,3062,ulp95,194.9,193.9,1.0,2
2026-06-03,3064,ulp91,179.8,177.9,1.9,22
2026-06-03,3070,ulp95,194.9,193.9,1.0,3
2026-06-03,3070,ulp91,177.9,177.9,0.0,3
2026-06-03,3068,diesel,215.3,217.9,-2.6,3
2026-06-03,3068,ulp95,191.0,193.9,-2.9,3
2026-06-03,3068,ulp91,173.5,177.9,-4.4,3
2026-06-03,3067,diesel,219.1,217.9,1.2,3
2026-06-03,3067,ulp95,196.9,193.9,3.0,3
2026-06-03,3067,ulp91,179.5,177.9,1.6,3
2026-06-03,3066,diesel,315.9,217.9,98.0,3
2026-06-03,3066,ulp95,225.4,193.9,31.5,3
2026-06-03,3066,ulp91,173.5,177.9,-4.4,3
2026-06-03,3065,ulp95,188.0,193.9,-5.9,2
2026-06-03,3065,ulp91,173.5,177.9,-4.4,2
2026-06-03,3064,diesel,215.9,217.9,-2.0,22
2026-06-03,3064,ulp95,195.9,193.9,2.0,22
2026-06-03,3062,diesel,210.9,217.9,-7.0,2
2026-06-03,3056,ulp91,176.9,177.9,-1.0,1
2026-06-03,3055,ulp95,204.7,193.9,10.8,4
2026-06-03,3055,ulp91,187.7,177.9,9.8,4
2026-06-03,3045,ulp91,173.9,177.9,-4.0,1
2026-06-03,3044,diesel,219.9,217.9,2.0,4
2026-06-03,3044,ulp95,194.7,193.9,0.8,4
2026-06-03,3044,ulp91,177.9,177.9,0.0,4
2026-06-03,3043,diesel,212.7,217.9,-5.2,8
2026-06-03,3043,ulp95,190.9,193.9,-3.0,8
2026-06-03,3043,ulp91,173.5,177.9,-4.4,8
2026-06-03,3042,diesel,214.9,217.9,-3.0,6
2026-06-03,3042,ulp95,197.2,193.9,3.3,6
2026-06-03,3042,ulp91,180.8,177.9,2.9,6
2026-06-03,3041,diesel,219.1,217.9,1.2,1
2026-06-03,3041,ulp91,179.5,177.9,1.6,1
2026-06-03,3040,ulp91,179.5,177.9,1.6,1
2026-06-03,3039,diesel,219.1,217.9,1.2,5
2026-06-03,3039,ulp95,197.2,193.9,3.3,5
2026-06-03,3045,ulp95,190.9,193.9,-3.0,1
2026-06-03,3046,ulp91,173.5,177.9,-4.4,3
2026-06-03,3046,ulp95,196.9,193.9,3.0,3
2026-06-03,3047,ulp91,177.5,177.9,-0.4,7
2026-06-03,3054,diesel,209.9,217.9,-8.0,1
2026-06-03,3054,ulp95,185.9,193.9,-8.0,1
2026-06-03,3054,ulp91,171.9,177.9,-6.0,1
2026-06-03,3053,diesel,215.3,217.9,-2.6,3
2026-06-03,3053,ulp95,185.5,193.9,-8.4,3
2026-06-03,3053,ulp91,173.5,177.9,-4.4,3
2026-06-03,3051,diesel,219.9,217.9,2.0,5
2026-06-03,3071,ulp95,195.9,193.9,2.0,3
2026-06-03,3051,ulp95,198.9,193.9,5.0,5
2026-06-03,3049,ulp95,186.9,193.9,-7.0,1
2026-06-03,3049,ulp91,173.9,177.9,-4.0,1
2026-06-03,3048,diesel,216.9,217.9,-1.0,3
2026-06-03,3048,ulp95,193.9,193.9,0.0,3
2026-06-03,3048,ulp91,176.9,177.9,-1.0,3
2026-06-03,3047,diesel,209.2,217.9,-8.7,7
2026-06-03,3047,ulp95,197.0,193.9,3.1,7
2026-06-03,3051,ulp91,181.9,177.9,4.0,5
2026-06-03,3149,diesel,219.1,217.9,1.2,7
2026-06-03,3150,ulp91,173.5,177.9,-4.4,9
2026-06-03,3150,ulp95,191.0,193.9,-2.9,9
2026-06-03,3260,diesel,222.9,217.9,5.0,5
2026-06-03,3260,ulp95,195.9,193.9,2.0,5
2026-06-03,3260,ulp91,179.9,177.9,2.0,5
2026-06-03,3250,diesel,218.9,217.9,1.0,8
2026-06-03,3250,ulp95,196.9,193.9,3.0,8
2026-06-03,3250,ulp91,179.9,177.9,2.0,8
2026-06-03,3241,diesel,223.9,217.9,6.0,2
2026-06-03,3241,ulp95,196.9,193.9,3.0,2
2026-06-03,3241,ulp91,179.9,177.9,2.0,2
2026-06-03,3233,diesel,228.9,217.9,11.0,2
2026-06-03,3233,ulp95,195.9,193.9,2.0,2
2026-06-03,3233,ulp91,178.9,177.9,1.0,2
2026-06-03,3232,diesel,224.9,217.9,7.0,1
2026-06-03,3232,ulp91,185.9,177.9,8.0,1
2026-06-03,3231,diesel,213.0,217.9,-4.9,1
2026-06-03,3264,ulp91,179.9,177.9,2.0,2
2026-06-03,3231,ulp91,189.0,177.9,11.1,1
2026-06-03,3264,diesel,223.4,217.9,5.5,2
2026-06-03,3266,ulp95,220.9,193.9,27.0,3
2026-06-03,3282,diesel,226.9,217.9,9.0,1
2026-06-03,3282,ulp95,204.9,193.9,11.0,1
2026-06-03,3282,ulp91,179.9,177.9,2.0,1
2026-06-03,3280,diesel,220.5,217.9,2.6,12
2026-06-03,3280,ulp95,194.9,193.9,1.0,12
2026-06-03,3280,ulp91,176.9,177.9,-1.0,12
2026-06-03,3274,diesel,219.9,217.9,2.0,1
2026-06-03,3272,diesel,221.9,217.9,4.0,3
2026-06-03,3272,ulp95,192.9,193.9,-1.0,3
2026-06-03,3272,ulp91,179.9,177.9,2.0,3
2026-06-03,3269,diesel,219.9,217.9,2.0,1
2026-06-03,3269,ulp91,189.9,177.9,12.0,1
2026-06-03,3268,diesel,221.9,217.9,4.0,4
2026-06-03,3268,ulp91,179.9,177.9,2.0,4
2026-06-03,3266,diesel,219.9,217.9,2.0,3
2026-06-03,3266,ulp91,185.4,177.9,7.5,3
2026-06-03,3284,ulp91,176.9,177.9,-1.0,1
2026-06-03,3230,diesel,216.7,217.9,-1.2,1
2026-06-03,3230,ulp91,172.9,177.9,-5.0,1
2026-06-03,3222,ulp95,189.9,193.9,-4.0,4
2026-06-03,3222,ulp91,172.9,177.9,-5.0,4
2026-06-03,3221,diesel,218.9,217.9,1.0,2
2026-06-03,3221,ulp95,198.9,193.9,5.0,2
2026-06-03,3221,ulp91,179.9,177.9,2.0,2
2026-06-03,3220,diesel,216.7,217.9,-1.2,5
2026-06-03,3220,ulp95,191.7,193.9,-2.2,5
2026-06-03,3220,ulp91,173.9,177.9,-4.0,5
2026-06-03,3219,diesel,208.9,217.9,-9.0,5
2026-06-03,3219,ulp95,196.9,193.9,3.0,5
2026-06-03,3219,ulp91,179.9,177.9,2.0,5
2026-06-03,3218,diesel,214.9,217.9,-3.0,4
2026-06-03,3218,ulp95,189.4,193.9,-4.5,4
2026-06-03,3218,ulp91,172.9,177.9,-5.0,4
2026-06-03,3217,diesel,209.4,217.9,-8.5,6
2026-06-03,3222,diesel,210.9,217.9,-7.0,4
2026-06-03,3230,ulp95,190.4,193.9,-3.5,1
2026-06-03,3223,ulp91,171.7,177.9,-6.2,1
2026-06-03,3223,diesel,214.9,217.9,-3.0,1
2026-06-03,3228,diesel,214.3,217.9,-3.6,5
2026-06-03,3228,ulp95,191.9,193.9,-2.0,5
2026-06-03,3228,ulp91,175.9,177.9,-2.0,5
2026-06-03,3227,diesel,208.9,217.9,-9.0,1
2026-06-03,3227,ulp95,177.9,193.9,-16.0,1
2026-06-03,3227,ulp91,169.9,177.9,-8.0,1
2026-06-03,3226,diesel,209.5,217.9,-8.4,4
2026-06-03,3226,ulp95,205.9,193.9,12.0,4
2026-06-03,3226,ulp91,189.9,177.9,12.0,4
2026-06-03,3225,diesel,239.9,217.9,22.0,2
2026-06-03,3225,ulp95,224.3,193.9,30.4,2
2026-06-03,3225,ulp91,189.8,177.9,11.9,2
2026-06-03,3224,diesel,219.9,217.9,2.0,4
2026-06-03,3224,ulp95,192.9,193.9,-1.0,4
2026-06-03,3224,ulp91,176.9,177.9,-1.0,4
2026-06-03,3223,ulp95,185.7,193.9,-8.2,1
2026-06-03,3284,diesel,219.9,217.9,2.0,1
2026-06-03,3289,ulp91,180.9,177.9,3.0,1
2026-06-03,3289,diesel,224.9,217.9,7.0,1
2026-06-03,3351,ulp95,193.9,193.9,0.0,6
2026-06-03,3351,ulp91,194.9,177.9,17.0,6
2026-06-03,3350,diesel,219.9,217.9,2.0,21
2026-06-03,3350,ulp95,190.4,193.9,-3.5,21
2026-06-03,3350,ulp91,174.4,177.9,-3.5,21
2026-06-03,3342,ulp91,174.9,177.9,-3.0,2
2026-06-03,3340,diesel,217.4,217.9,-0.5,8
2026-06-03,3340,ulp95,192.4,193.9,-1.5,8
2026-06-03,3340,ulp91,176.9,177.9,-1.0,8
2026-06-03,3338,ulp95,191.9,193.9,-2.0,3
2026-06-03,3338,ulp91,173.9,177.9,-4.0,3
2026-06-03,3337,diesel,215.9,217.9,-2.0,11
2026-06-03,3337,ulp95,196.9,193.9,3.0,11
2026-06-03,3337,ulp91,179.5,177.9,1.6,11
2026-06-03,3335,diesel,213.9,217.9,-4.0,2
2026-06-03,3351,diesel,226.9,217.9,9.0,6
2026-06-03,3335,ulp95,191.9,193.9,-2.0,2
2026-06-03,3352,ulp91,174.9,177.9,-3.0,5
2026-06-03,3352,diesel,215.3,217.9,-2.6,5
2026-06-03,3370,ulp91,179.9,177.9,2.0,1
2026-06-03,3363,diesel,218.9,217.9,1.0,1
2026-06-03,3363,ulp91,176.9,177.9,-1.0,1
2026-06-03,3361,diesel,226.9,217.9,9.0,1
2026-06-03,3361,ulp91,174.9,177.9,-3.0,1
2026-06-03,3358,ulp95,197.9,193.9,4.0,1
2026-06-03,3358,ulp91,180.9,177.9,3.0,1
2026-06-03,3357,diesel,224.9,217.9,7.0,1
2026-06-03,3357,ulp91,189.9,177.9,12.0,1
2026-06-03,3356,diesel,232.8,217.9,14.9,6
2026-06-03,3356,ulp95,194.9,193.9,1.0,6
2026-06-03,3356,ulp91,172.4,177.9,-5.5,6
2026-06-03,3355,diesel,217.9,217.9,0.0,11
2026-06-03,3355,ulp95,193.9,193.9,0.0,11
2026-06-03,3355,ulp91,173.9,177.9,-4.0,11
2026-06-03,3352,ulp95,192.2,193.9,-1.7,5
2026-06-03,3335,ulp91,174.9,177.9,-3.0,2
2026-06-03,3333,diesel,219.9,217.9,2.0,1
2026-06-03,3333,ulp95,180.9,193.9,-13.0,1
2026-06-03,3311,ulp91,182.9,177.9,5.0,4
2026-06-03,3305,diesel,203.9,217.9,-14.0,6
2026-06-03,3305,ulp95,194.7,193.9,0.8,6
2026-06-03,3305,ulp91,175.9,177.9,-2.0,6
2026-06-03,3304,diesel,219.9,217.9,2.0,2
2026-06-03,3304,ulp91,187.4,177.9,9.5,2
2026-06-03,3300,diesel,214.9,217.9,-3.0,10
2026-06-03,3300,ulp95,194.4,193.9,0.5,10
2026-06-03,3300,ulp91,175.9,177.9,-2.0,10
2026-06-03,3294,diesel,199.9,217.9,-18.0,1
2026-06-03,3294,ulp91,172.9,177.9,-5.0,1
2026-06-03,3293,diesel,240.9,217.9,23.0,1
2026-06-03,3293,ulp91,195.9,177.9,18.0,1
2026-06-03,3292,diesel,213.9,217.9,-4.0,1
2026-06-03,3292,ulp91,184.9,177.9,7.0,1
2026-06-03,3311,diesel,215.9,217.9,-2.0,4
2026-06-03,3315,ulp91,172.9,177.9,-5.0,1
2026-06-03,3315,diesel,199.9,217.9,-18.0,1
2026-06-03,3317,ulp91,211.4,177.9,33.5,1
2026-06-03,3333,ulp91,172.9,177.9,-5.0,1
2026-06-03,3331,diesel,210.9,217.9,-7.0,4
2026-06-03,3331,ulp95,189.9,193.9,-4.0,4
2026-06-03,3331,ulp91,172.9,177.9,-5.0,4
2026-06-03,3330,diesel,226.9,217.9,9.0,1
2026-06-03,3325,diesel,217.0,217.9,-0.9,2
2026-06-03,3325,ulp91,180.9,177.9,3.0,2
2026-06-03,3217,ulp95,192.9,193.9,-1.0,6
2026-06-03,3324,diesel,226.9,217.9,9.0,4
2026-06-03,3324,ulp91,191.4,177.9,13.5,4
2026-06-03,3321,diesel,227.9,217.9,10.0,1
2026-06-03,3321,ulp91,179.9,177.9,2.0,1
2026-06-03,3318,diesel,225.9,217.9,8.0,3
2026-06-03,3318,ulp95,197.9,193.9,4.0,3
2026-06-03,3318,ulp91,186.9,177.9,9.0,3
2026-06-03,3317,diesel,246.5,217.9,28.6,1
2026-06-03,3324,ulp95,197.9,193.9,4.0,4
2026-06-03,3217,ulp91,175.9,177.9,-2.0,6
2026-06-03,3216,diesel,212.2,217.9,-5.7,12
2026-06-03,3216,ulp95,190.4,193.9,-3.5,12
2026-06-03,3174,diesel,218.4,217.9,0.5,5
2026-06-03,3174,ulp95,190.9,193.9,-3.0,5
2026-06-03,3174,ulp91,173.9,177.9,-4.0,5
2026-06-03,3173,ulp95,189.9,193.9,-4.0,5
2026-06-03,3173,ulp91,173.9,177.9,-4.0,5
2026-06-03,3172,diesel,216.3,217.9,-1.6,7
2026-06-03,3172,ulp95,188.2,193.9,-5.7,7
2026-06-03,3172,ulp91,173.9,177.9,-4.0,7
2026-06-03,3171,diesel,215.3,217.9,-2.6,6
2026-06-03,3171,ulp95,195.9,193.9,2.0,6
2026-06-03,3171,ulp91,176.8,177.9,-1.1,6
2026-06-03,3170,diesel,211.2,217.9,-6.7,6
2026-06-03,3170,ulp95,193.7,193.9,-0.2,6
2026-06-03,3170,ulp91,173.5,177.9,-4.4,6
2026-06-03,3169,diesel,227.4,217.9,9.5,6
2026-06-03,3175,ulp91,173.9,177.9,-4.0,24
2026-06-03,3169,ulp95,201.9,193.9,8.0,6
2026-06-03,3175,ulp95,190.9,193.9,-3.0,24
2026-06-03,3177,ulp91,171.9,177.9,-6.0,3
2026-06-03,3182,ulp91,179.5,177.9,1.6,3
2026-06-03,3181,diesel,219.1,217.9,1.2,5
2026-06-03,3181,ulp95,190.9,193.9,-3.0,5
2026-06-03,3181,ulp91,173.9,177.9,-4.0,5
2026-06-03,3180,diesel,219.1,217.9,1.2,2
2026-06-03,3180,ulp95,191.0,193.9,-2.9,2
2026-06-03,3180,ulp91,173.5,177.9,-4.4,2
2026-06-03,3179,diesel,216.9,217.9,-1.0,5
2026-06-03,3179,ulp95,185.5,193.9,-8.4,5
2026-06-03,3179,ulp91,173.5,177.9,-4.4,5
2026-06-03,3178,diesel,217.7,217.9,-0.2,8
2026-06-03,3178,ulp95,190.9,193.9,-3.0,8
2026-06-03,3178,ulp91,173.9,177.9,-4.0,8
2026-06-03,3177,diesel,213.9,217.9,-4.0,3
2026-06-03,3177,ulp95,181.9,193.9,-12.0,3
2026-06-03,3175,diesel,215.9,217.9,-2.0,24
2026-06-03,3169,ulp91,184.9,177.9,7.0,6
2026-06-03,3168,diesel,219.1,217.9,1.2,8
2026-06-03,3168,ulp95,192.9,193.9,-1.0,8
2026-06-03,3156,ulp91,171.9,177.9,-6.0,11
2026-06-03,3155,diesel,215.5,217.9,-2.4,1
2026-06-03,3155,ulp91,175.5,177.9,-2.4,1
2026-06-03,3154,diesel,225.9,217.9,8.0,1
2026-06-03,3154,ulp95,191.7,193.9,-2.2,1
2026-06-03,3154,ulp91,177.7,177.9,-0.2,1
2026-06-03,3153,diesel,217.9,217.9,0.0,10
2026-06-03,3153,ulp95,192.9,193.9,-1.0,10
2026-06-03,3153,ulp91,175.7,177.9,-2.2,10
2026-06-03,3152,diesel,215.9,217.9,-2.0,8
2026-06-03,3152,ulp95,190.9,193.9,-3.0,8
2026-06-03,3152,ulp91,173.7,177.9,-4.2,8
2026-06-03,3151,ulp95,191.4,193.9,-2.5,2
2026-06-03,3151,ulp91,176.4,177.9,-1.5,2
2026-06-03,3150,diesel,216.9,217.9,-1.0,9
2026-06-03,3156,ulp95,190.5,193.9,-3.4,11
2026-06-03,3156,diesel,214.5,217.9,-3.4,11
2026-06-03,3158,ulp91,181.9,177.9,4.0,1
2026-06-03,3158,ulp95,198.9,193.9,5.0,1
2026-06-03,3168,ulp91,175.9,177.9,-2.0,8
2026-06-03,3167,ulp95,196.2,193.9,2.3,3
2026-06-03,3167,ulp91,179.9,177.9,2.0,3
2026-06-03,3166,diesel,215.3,217.9,-2.6,5
2026-06-03,3166,ulp95,191.0,193.9,-2.9,5
2026-06-03,3166,ulp91,173.5,177.9,-4.4,5
2026-06-03,3165,diesel,219.9,217.9,2.0,3
2026-06-03,3182,ulp95,196.9,193.9,3.0,3
2026-06-03,3165,ulp95,197.0,193.9,3.1,3
2026-06-03,3163,diesel,219.9,217.9,2.0,2
2026-06-03,3163,ulp95,197.9,193.9,4.0,2
2026-06-03,3163,ulp91,180.9,177.9,3.0,2
2026-06-03,3162,ulp95,197.9,193.9,4.0,3
2026-06-03,3162,ulp91,187.9,177.9,10.0,3
2026-06-03,3160,diesel,241.9,217.9,24.0,2
2026-06-03,3160,ulp91,180.9,177.9,3.0,2
2026-06-03,3165,ulp91,179.5,177.9,1.6,3
2026-06-03,3373,ulp91,175.9,177.9,-2.0,2
2026-06-03,3182,diesel,219.1,217.9,1.2,3
2026-06-03,3184,ulp95,191.4,193.9,-2.5,1
2026-06-03,3206,ulp95,194.9,193.9,1.0,1
2026-06-03,3206,ulp91,177.9,177.9,0.0,1
2026-06-03,3205,diesel,225.4,217.9,7.5,5
2026-06-03,3205,ulp95,194.9,193.9,1.0,5
2026-06-03,3205,ulp91,177.9,177.9,0.0,5
2026-06-03,3204,diesel,219.9,217.9,2.0,4
2026-06-03,3204,ulp95,198.4,193.9,4.5,4
2026-06-03,3204,ulp91,179.5,177.9,1.6,4
2026-06-03,3202,ulp95,181.4,193.9,-12.5,1
2026-06-03,3202,ulp91,167.4,177.9,-10.5,1
2026-06-03,3201,diesel,212.8,217.9,-5.1,6
2026-06-03,3201,ulp95,192.9,193.9,-1.0,6
2026-06-03,3201,ulp91,174.9,177.9,-3.0,6
2026-06-03,3200,diesel,212.9,217.9,-5.0,1
2026-06-03,3200,ulp95,192.9,193.9,-1.0,1
2026-06-03,3207,ulp91,179.3,177.9,1.4,5
2026-06-03,3200,ulp91,174.9,177.9,-3.0,1
2026-06-03,3207,ulp95,196.8,193.9,2.9,5
2026-06-03,3211,ulp91,181.7,177.9,3.8,2
2026-06-03,3216,ulp91,172.9,177.9,-5.0,12
2026-06-03,3215,diesel,216.7,217.9,-1.2,6
2026-06-03,3215,ulp95,192.2,193.9,-1.7,6
2026-06-03,3215,ulp91,174.4,177.9,-3.5,6
2026-06-03,3214,diesel,215.9,217.9,-2.0,15
2026-06-03,3214,ulp95,188.4,193.9,-5.5,15
2026-06-03,3214,ulp91,173.2,177.9,-4.7,15
2026-06-03,3213,diesel,215.9,217.9,-2.0,4
2026-06-03,3213,ulp95,181.7,193.9,-12.2,4
2026-06-03,3213,ulp91,173.5,177.9,-4.4,4
2026-06-03,3212,diesel,214.9,217.9,-3.0,3
2026-06-03,3212,ulp95,183.2,193.9,-10.7,3
2026-06-03,3212,ulp91,173.5,177.9,-4.4,3
2026-06-03,3211,diesel,218.4,217.9,0.5,2
2026-06-03,3211,ulp95,188.5,193.9,-5.4,2
2026-06-03,3207,diesel,215.3,217.9,-2.6,5
2026-06-03,3199,diesel,207.9,217.9,-10.0,13
2026-06-03,3199,ulp95,186.0,193.9,-7.9,13
2026-06-03,3199,ulp91,169.9,177.9,-8.0,13
2026-06-03,3191,ulp95,197.7,193.9,3.8,2
2026-06-03,3191,ulp91,180.7,177.9,2.8,2
2026-06-03,3190,ulp91,179.5,177.9,1.6,1
2026-06-03,3189,diesel,209.1,217.9,-8.8,4
2026-06-03,3189,ulp95,194.9,193.9,1.0,4
2026-06-03,3189,ulp91,176.9,177.9,-1.0,4
2026-06-03,3188,diesel,219.1,217.9,1.2,2
2026-06-03,3188,ulp95,197.0,193.9,3.1,2
2026-06-03,3188,ulp91,178.7,177.9,0.8,2
2026-06-03,3187,ulp95,193.9,193.9,0.0,1
2026-06-03,3187,ulp91,176.9,177.9,-1.0,1
2026-06-03,3186,ulp91,178.9,177.9,1.0,2
2026-06-03,3185,diesel,219.1,217.9,1.2,3
2026-06-03,3185,ulp95,198.9,193.9,5.0,3
2026-06-03,3185,ulp91,181.9,177.9,4.0,3
2026-06-03,3192,ulp91,170.4,177.9,-7.5,4
2026-06-03,3192,ulp95,187.4,193.9,-6.5,4
2026-06-03,3192,diesel,206.3,217.9,-11.6,4
2026-06-03,3193,ulp91,181.9,177.9,4.0,1
2026-06-03,3198,diesel,217.7,217.9,-0.2,7
2026-06-03,3198,ulp95,189.5,193.9,-4.4,7
2026-06-03,3198,ulp91,172.3,177.9,-5.6,7
2026-06-03,3197,diesel,229.9,217.9,12.0,2
2026-06-03,3197,ulp95,197.9,193.9,4.0,2
2026-06-03,3197,ulp91,181.9,177.9,4.0,2
2026-06-03,3196,diesel,229.9,217.9,12.0,3
2026-06-03,3184,ulp91,173.9,177.9,-4.0,1
2026-06-03,3196,ulp95,198.9,193.9,5.0,3
2026-06-03,3195,diesel,216.7,217.9,-1.2,8
2026-06-03,3195,ulp95,195.9,193.9,2.0,8
2026-06-03,3195,ulp91,179.0,177.9,1.1,8
2026-06-03,3194,diesel,211.9,217.9,-6.0,6
2026-06-03,3194,ulp95,186.9,193.9,-7.0,6
2026-06-03,3194,ulp91,169.7,177.9,-8.2,6
2026-06-03,3193,ulp95,198.9,193.9,5.0,1
2026-06-03,3196,ulp91,181.9,177.9,4.0,3
2026-06-03,3996,diesel,227.9,217.9,10.0,1
